title,label
현금 영수증 해주세요,0
카페라테 가격은 얼마인가요?,3
멤버십 있는데 포인트 쓸 수 있나요?,24
포인트 사용하고 적립 동시에 가능한가요?,5
포인트 사용 없이 적립만 할게요,5
멤버십 카드 드리고 현금으로 계산할게요,2
아이스 아메리카노 주세요,4
지금도 브런치 할인하나요?,0
그럼 크로크무슈와 아이스 아메리카노로 할게요,59
네 할인돼도 적립은 해주죠?,0
현금영수증도 할게요,2
민트 초코 프라푸치노 주세요,3
탑처럼 쌓아주세요,0
민트 시럽도 코가 찡할 만큼 올려주세요,0
포장이요,39
적립도 해주세요,26
아이스 아메리카노 하나랑 녹차라테 주세요,2
녹차라테는 따뜻하게 주세요,0
둘 다 스몰 사이즈로 주세요,0
마시다가 들고나갈 건데 테이크아웃으로 주세요,0
나갈 때 테이크아웃 컵으로 옮겨줄 수 있나요?,26
아메리카노 두 잔 마키아토 한잔 주세요,26
테이크아웃 잔으로 주세요,0
네 머그잔으로 주세요,26
무료인가요,26
추가해주세요,24
아메리카노 교환권이 있는데 다른 걸로 바꿀 수 있을까요?,40
카페라테로 교환해주세요,43
통신사 쿠폰 사용해서 라지 사이즈로 해주세요,11
추가요금은 얼마인가요?,0
이 카드로 해주세요,24
아이스 아메리카노 1잔이랑 아이스 카페라테 1잔 얼마인가요?,4
멤버십 할인되나요?,24
기프티콘 있는데 쓸 수 있나요?,59
여기에서 지하철 타려면 어느 역으로 가야 하나요?,5
여기 주차되나요?,62
쿠앤크 치노 하나요,57
네 아이스요,0
네 먹고 가요,0
여기 카드로 결제해주세요,26
얼마나 기다려야 하나요?,4
카페인 안 들은 음료는 뭐가 있을까요?,27
피지와는 어떤 게 있어요?,11
둘 중에 어떤 게 더 잘 나가요?,11
자몽 피지와 주세요,11
포인트 적립해주세요,0
티 종류도 아이스 가능한가요?,2
그럼 캐머마일 아이스로 하나 주세요,42
네 괜찮아요,0
네 번호로 할게요,0
아 포인트 있으면 포인트 사용해주세요,53
화이트 모카 한 잔 주세요,9
아뇨 테이크아웃이요,0
네 올려주세요,26
따뜻한 걸로 주세요,0
톨 사이즈로 주문할게요,0
아이스 아메리카노 하나랑 카페모카 하나 주세요,0
카페모카는 따뜻한 거로 주세요,0
많이 올려주세요,0
여기서 먹고 갈 거예요,0
괜찮아요,26
아직 런치세트 할인되나요?,0
치킨 파야냐 하나랑 아이스 아메리카노 하나 해서 주세요,59
아메리카노 사이즈 업도 가능한가요?,0
사이즈업해서 주세요,28
삼성페이 되나요?,28
리저브는 처음인데요,31
네 평소에 아메리카노를 주로 마시는데요,11
어떤 맛인가요,8
전 단것은 별로인데요,11
그럼 커피와 어우러지는 케이크도 추천해 주세요,11
카페라테 주세요,8
아니요 테이크아웃이요,0
커피는 텀블러에 담아주세요,26
네 카드 여기요,1
아니오 하나 만들어 주세요,4
아메리카노 1잔 주세요,4
바닐라라테를 두유로 바꿔서 만들어주세요,0
2잔 주문하면 얼마죠?,44
모카 라테 1잔 주세요,24
치즈케이크 하나 추가해주세요,0
아메리카노 두 잔 주문할게요,0
아니요 아이스 아메리카로 주세요,0
테이크아웃할게요,0
치즈 케이크 하나같이 주문할게요,26
저희 그냥 먹고 가겠습니다,0
키오스크에서 현금 결제가 안 되네요,56
아이스 아메리카노 한 잔이랑 스콘 하나 할게요,53
아니요 포장이요,0
네 부탁드릴게요,26
도장 찍어주세요,7
여기 카페인 안 들어간 게 있나요?,2
유자차 차갑게 주문 가능한가요?,11
그럼 루이보스 차갑게 하나랑 유자차 하나 할게요,42
네 여기 KT 더블할인되죠?,0
네 여기 카드 있습니다,59
고구마라테 아이스도 되나요?,4
카페 와이파이 비밀번호 알 수 있을까요?,11
쿠폰 몇 개를 모으면 무료로 아이스커피를 마실 수 있어요?,15
포인트 적립되나요?,2
카페 몇 시까지 해요?,2
오픈이 몇 시인가요?,33
캐러멜 프라푸치노주세요,33
휘핑크림에 캐러멜 드리블이랑 통 잡아 칩 깔아주세요,0
캐러멜 드리블이랑 통 잡아 칩이요,40
포인트 적립할게요,0
아이스 아메리카노랑 밀크티 차가운 거랑 치즈케이크 하나 주세요,2
티라미수는 있나요?,0
그럼 그걸로 할게요,42
네 현금영수증 해주세요,0
네 먹고 갈게요,3
아메리카노 아이스로 하나요,26
작은 사이즈로 주세요,0
쿠키도 주세요,0
아뇨 그냥 주세요,0
할인 카드는 드릴게요,53
아메리카노 하나요,53
아니오 아이스로 주세요,0
아니오 하나 만들어주세요,0
샷 추가해주세요,4
카드 결제할게요,19
맨날 먹던 걸로 한잔 줘요,4
나 여기 매일 왔는데 나 몰라요?,63
아메리카노 한잔 줘요,64
이 날씨에 차가운 거 먹어요?,0
얼마에요?,65
아메리카노 2잔 주세요,24
하나는 따뜻한 거 하나는 차가운 거로 주세요,0
조금 마시다가 갈 거에요,0
여기 쿠폰 도장 찍어주세요,26
그리고 미지근한 물도 1잔만 부탁드려요,2
아이스 아메리카노 두 잔이랑 말차 케이크 한 개 주세요,66
아니요 먹고 갈 거예요,0
두 개 주세요,26
얼마 안 있고 갈 건데 테이크 아웃 잔에 주시면 안 될까요?,48
유리잔에 주세요,26
아메리카노 샷 추가로 주세요,67
네 여기 텀블러에 담아주세요,0
시럽은 어디 있나요?,1
크랜베리 스콘 두 개도 포장해주세요,54
총 금액 알려주세요,0
아이스 아메리카노랑 샌드위치 주세요,24
그렇게 해주세요,0
매장에서 먹고 갈 거예요,0
음료는 텀블러에 담아주세요,26
네 감사합니다,1
위에 자리 있나요?,1
아이스 바닐라라테 두 잔 주세요,22
하나는 그냥 주시고 하나는 올려주세요,0
네 만들어주세요,0
카드 여기 있습니다,4
여기 처음 와서 그런데 시그니처 음료나 메뉴가 있나요?,4
데이바이데이가 뭐예요?,8
오늘 쓰시는 원두는 뭐죠?,11
어떤 향이 나나요?,11
그럼 그걸로 한잔 주시겠어요,11
오늘의 커피는 무엇이죠?,0
미지근하게 되나요?,11
머그잔 할인 가능한가요?,65
남은 자리는 있나요?,59
쿠폰 찍어주세요,22
핫 아메리카노 두 잔 주세요,2
둘 다 레귤러로 주세요,0
치즈 케이크도 하나 주세요,0
네 먹고 갈 거예요,0
여기 멤버십 할인도 해주세요,26
아메리카노 한 잔 주세요,13
아이스로 주세요,0
네 먹고 갈 건데 혹시 테이크아웃 잔에 주시면 안 될까요?,0
그냥 머그컵에 주세요,26
여기 카드 드릴게요,67
오늘 영업 종료시간이 몇 시인가요?,4
와이파이 되나요?,33
라테 2잔이랑 치즈케이크 1조각 주세요,15
네 그렇게 해 주세요,0
그냥 주세요,4
아이스 아메리카노 주세요,0
케이크는 어떤 게 있나요?,0
아이스 아메리카노랑 블루베리 케이크 세트로 주세요,11
테이크아웃 할게요,0
아니요 하나 만들어주세요,26
녹차라테 한 잔에 얼마인가요?,4
아이스 녹차라테로 가능한가요?,24
마카롱은 종류가 몇 개인가요?,42
아이스 녹차라테랑 마카롱 종류별로 주세요,11
테이크아웃 해 갈게요,0
모카 프 라프 치노 한잔 얼마에요?,26
혹시 안에 자바칩 추가 가능한가요?,24
네 그리고 생크림도 올려주세요,42
네 올려주세요,0
삼성페이 결제되나요?,40
아메리카노 숏 사이즈 주세요,31
엘지 VIP 할인받을게요,0
포인트 적립카드 만들 수 있을까요?,13
적립해서 머그잔도 받을 수 있나요?,2
금액의 몇 프로 적립되나요?,2
조각 케이크 포장되나요?,2
어떻게 포장되나요?,38
진열된 케이크밖에 없나요?,38
쿠키앤크림하고 초콜릿하고 스트로베리로 해서 포장해주세요,11
커피를 마시고 있어서 한 30분쯤 후에 포장 부탁드릴게요,0
아이스 라테 한잔 주세요,26
그란데요,0
이 기프티콘 사용되나요?,0
얼마가 모자란데요?,5
벤티 사이즈로 주세요,24
바닐라 라테 한잔 주세요,56
시원한 걸로 주세요,0
바닐라 시럽 절반만 넣어주세요,0
커피는 테이크 아웃으로 부탁드려요,39
카페 쿠폰 찍어주세요,26
아이스 아메리카노 얼마예요?,2
학생 할인되나요?,24
콘센트가 있는 자리도 있나요?,59
케이크는 뭐가 맛있나요?,18
현금영수증 되나요?,8
아이스 아메리카노 샷 추가 가능한가요?,68
테이크아웃이랑 홀에서 먹는 거랑 가격이 다른가요?,11
아이스 아메리카노 샷 추가해서 테이크아웃 할게요,24
영수증은 버려주세요,26
넣지 말아 주세요,69
아이스 카페모카와 허니브레드 주세요,0
진하게 해주세요,0
네 많이 얹어주세요,32
먹고 갈 거예요,0
네 그렇게 주세요,26
아이스 캐러멜 마시야도 한 잔 얼마인가요?,0
휘핑크림 추가되나요?,24
여기 디저트 종류는 어떤 게 인기인가요?,40
치즈베이글도 같이 주세요,8
네 결제는 카카오 파이로 해도 되나요?,0
카페모카 주문돼요?,31
네 커피 맛 별로 안 나게 해주세요,42
적립 안 하고 포인트 사용할게요,0
주차 할인되나요?,4
냅킨은 어디 있어요?,59
아메리카노 하나요,54
네 추워서요,0
아뇨 테이크아웃이요,0
여기요,26
아뇨 필요 없어요,4
주문받아 주실 수 있나요?,0
아이스 아메리카노 얼음 빼고 가능한가요?,42
얼음을 평상시보다 반만 넣어주실 수 있나요?,11
얼음 반만 넣은 아메리카노 2잔 주시겠어요?,52
캐리어에 담아서 가져갈게요,0
아메리카노 한 잔이랑 초코 라테 한잔 주세요,26
아메리카노는 아이스로  초코 라테는 아이가 먹을 거라 미지근하게 해주세요,0
아니요 캐리어에 담아주세요,0
네 기다릴게요,26
냅킨 조금 더 주세요,0
새로 나온 메뉴가 어떤 거였죠?,70
지금 주문 가능한가요?,71
그냥 아이스 아메리카노로 할게요,42
마시고 갈 거예요,0
포인트 적립은 번호로 입력해도 되나요?,26
이 기프티콘으로 다른 메뉴 변경 가능한가요?,2
로즈 재스민 티 따뜻한 거 하나하고요 적립도 할게요,43
아뇨 테이크아웃 할 거예요,0
네,26
현금영수증도 부탁드려요,4
아메리카노 한 잔 주세요,3
아이스로 주세요,0
혹시 아메리카노 조금만 연하게 타주실 수 있나요?,0
네 그리고 케이크 종류는 뭐가 있나요?,19
치즈케이크도 하나 주세요,11
아메리카노 하나 주세요,0
케이크는 어떤 게 잘 나가나요,0
치즈케이크랑 포크 2개 주실 수 있나요,8
현금영수증 해주세요,0
혹시 테이크아웃 잔에 받을 수 있나요,3
라테 한 잔이요,26
신맛이 없는 걸로 주세요,0
적립해주세요,0
초코케이크도 주세요,2
라테만 주세요,0
카페모카 한 잔 주세요,0
아니요 테이크아웃 할게요,0
휘핑크림은 빼주세요,26
네 현금영수증 해주세요,0
네 알겠습니다,3
주차는 가게 앞에도 해도 되나요?,3
에스프레소는 얼마인가요?,57
토마토주스 설탕 빼고 한 잔 주세요,24
마감시간은 언제인가요?,0
사장님은 어디 가셨나요?,33
캐러멜 프라푸치노 겨울에도 되나요?,72
자바칩 추가하면 얼마 더 내야 돼요?,42
더블 샷도 추가 비용 있나요?,24
치즈케이크는 어떤 종류가 있나요?,24
그럼 캐러멜 프라푸치노 벤티 하나랑 블루베리 치즈케이크 하나 주세요,11
에스프레소 한 잔 있어요?,0
크기가 어떻게 있나요?,0
양이 제일 많은 것으로 주세요,25
그리고 차가운 것으로 주세요,0
그러면 아이스 아메리카노 가장 큰 사이즈로 주세요,0
아이스 아메리카노 샷 추가 가능한가요?,0
잠시만요 한 번 여쭤볼게요,0
샷 추가 말고 기본으로 주세요 샷 추가 안 하시겠대요,0
이 카드로 할게요,19
아니요 버려주세요,4
여기 커피 중 어떤 게 맛있나요?,4
아이스 아메리카노 한잔 주세요 아 그리고 샷 하나 추가요,8
그란데요,0
치즈케이크 하나 얼마에요?,0
그걸로 주세요,24
캐러멜마키아토 하나 주실래요?,0
그럼 그냥 아메리카노 주세요,0
아니요 테이크 아웃할게요,0
카드 계산할게요,26
네 쿠폰 종이 4개 찍었어요,4
카페에서 제일 많이 나가는 메뉴가 뭐예요?,4
디저트 중에 제일 잘나가는 건 뭐예요?,8
세트 메뉴 있나요?,8
그럼 세트메뉴로 하나 주세요,11
여기요 현금영수증 해주세요,0
미팅룸이 마련되어 있나요?,3
단체가 앉을 테이블은 있나요?,73
브런치류도 있나요?,73
샌드위치 여섯 개 준비해주세요,11
아메리카노도 여섯 잔 부탁드립니다,11
지금 영업하시나요?,0
아이스 아메리카노 하나 주세요,33
아니요 가지고 갈 거예요,0
영수증도 주세요,26
얼마나 걸리나요?,47
커피 주세요?,27
아메리카노 주세요,0
아이스 아메리카노요,0
네,0
카드로 해 주세요,0
라테는 어떤 종류가 있나요?,4
바닐라 라테에는 뭐가 들어가나요?,11
바닐라 라테는 얼마인가요?,11
주문하면 얼마나 걸리나요?,24
테이크아웃하면 할인되나요?,27
커피 메뉴 말고는 없나요?,59
제일 잘나가는 디저트는 어떤 건가요?,11
그럼 초코 케이크랑 가장 잘 어울리는 음료는 어떤 건가요?,8
그러면 얼 그레이 티 한 잔과 초코케이크 한 조각 주세요,8
아니요 카드로 결제할게요,0
지금 초콜릿 프라푸치노 되나요?,4
톨 사이즈요,42
네 올려주세요,0
네 없어요,0
네 있어요 하나카드요,42
카페라테 한 잔이요,4
아이스로 주세요,0
네 잠시만요,0
핸드폰 번호로 부르겠습니다,4
010 0000 0000입니다,74
메뉴판 보여주실 수 있나요?,74
아이스 라테 우유 말고 두유로 변경 가능한가요?,75
변경하면 얼마죠?,44
텀블러에 담아주세요,24
쿠폰 찍어주세요,1
아메리카노 한 잔 주세요,2
네 맞아요,0
포인트 사용할 수 있나요?,0
카드 포인트로 사용해주세요,5
감사합니다,9
라테는 얼마에요?,9
라테 두 잔 주세요,24
아니요 시원한 걸로 주세요,0
현금 영수증 가능하죠?,0
매장에 사 마시고 가도 되죠?,3
아이스 아메리카노 샷 몇 개 들어가나요?,49
샷 추가 시 얼마인가요?,11
아이스 아메리카노 샷 추가 하나랑 아이스 초코 라테 한 잔 주세요,24
휘핑크림 빼주세요,0
먹고 갈게요,0
아이스 아메리카도 디카페인 가능한가요?,49
잠시 앉아있다 바로 나갈 건데 테이크아웃으로 해주실 수 있나요?,11
할인되는 카드도 있나요?,38
충천을 하고 싶은데 가능한가요?,59
산미가 많이 들어간 커피는 뭐가 있을까요?,76
혹시 배달되나요?,8
많이 주문할 건데 괜찮을까요?,17
아이스커피 6잔이랑 자몽에이드 6잔 그리고 머핀 12개요,17
그러면 5시에 가져갈 수 있도록 준비해주실 수는 있나요?,17
그럼 이따 5시에 다시 오면 될까요?,42
아이스 카페라테 한 잔이요,38
텀블러에 담아 갈게요,0
텀블러 이용 시 할인 얼마나 되죠,1
카드로 계산할게요,30
지금까지 적립금 알 수 있을까요,4
카푸치노 아이스로 되나요?,2
어린이가 먹을 수 있는 음료 있나요?,42
빵이나 샌드위치 메뉴가 있나요?,8
흡연할 수 있는 공간이 있나요?,11
카푸치노는 이 쿠폰으로 계산해도 되나요?,45
아이스 아메리카노 레귤러 사이즈 얼마인가요?,5
얼음은 갈아서 넣어주실 수 있나요?,24
포인트카드 적립되나요?,77
카드로 계산할게요,2
시럽은 어디에 있나요?,4
아메리카노 한잔 주세요,39
작은 사이즈로 부탁드려요,0
여기 이 쿠키는 단맛이 강한가요?,0
그럼 초코 쿠키도 1봉지 부탁드려요,11
여기 기프트 카드로 결제 부탁해요,0
아메리카노 4000원 하나 주문하겠습니다,9
아이스로 부탁합니다,0
사이즈는 라지로 부탁드리겠습니다,0
그럼 계산 부탁드리겠습니다,28
혹시 쿠폰 할인도 가능한가요?,4
아이스 아메리카노 하나 주세요,5
사이즈 종류 좀 말해주세요,0
그란데로 부탁드려요,25
얼마나 걸릴까요?,28
주차 증도 주세요,27
스무디 종류 있나요?,78
딸기맛은 얼마죠?,11
그리고 휘핑해주세요,24
저지방 휘핑으로 해주세요,40
아 그리고 오늘 영업은 몇 시까지 하나요?,0
지금 플랫 화이트 되나요?,33
그러면 아메리카노는 되나요?,42
원두는 브라질산인가요?,42
조금 더 쓴맛이 나는 것은 없나요?,11
그러면 아메리카노 라지 사이즈 하나 주세요,11
아메리카노 하나 주세요,0
라지 사이즈로 주세요,0
아니요 포장해주세요,0
네 만들어주세요,26
생크림 케이크는 얼마인가요?,4
음료가 언제 나오나요?,24
쿠폰 몇 장 모아야 한잔 무료인가요?,27
몇 시부터 마감하시죠?,2
콘센트가 있는 자리는 어디입니까?,33
아이스 아메리카노 3잔에 얼마에요?,18
주문 가능한가요?,24
아메리카노 한 잔에 얼마죠?,42
아이스도 똑같은가요?,24
샷 추가 가능한가요?,24
아이스 아메리카노 한 잔에 샷 추가해주시고 현금영수증도 부탁드립니다,19
미숫가루 되나요?,3
사이즈업하면 얼마죠?,42
그럼 미숫가루 사이즈업 2잔 주문할게요,24
테이크아웃 할 거예요,0
치즈케이크 한 조각도 추가할게요,26
자바칩 프라푸치노 주세요,0
어떤 사이즈가 있나요?,0
그란데 사이즈로 부탁드립니다,25
네 있습니다,28
음료는 언제 나오나요?,4
기프티콘 사용은 어떻게 하면 되나요?,27
그럼 아이스 아메리카노랑 치즈케이크 주세요,5
추가요금 얼마나 내면 되나요?,0
카드로 결제할게요,24
쿠폰 적립되나요?,4
행사 중인 메뉴 있나요?,2
아메리카노 아이스로 가능한가요?,11
커피 대신 추가 금액 내면 다른 음료도 가능한가요?,56
샌드위치 따뜻하게 가능한가요?,56
카카오 파이로 결제 가능한가요?,7
여기 대표 메뉴가 무엇인가요?,31
토피넛라떼에도 커피가 들어가나요?,8
커피는 몇 샷 들어가나요?,11
혹시 커피를 좀 연하게 타주실 수 있나요?,11
가격은 얼마인가요?,19
아메리카노 한 잔 주세요,24
네 대신 얼음 두 조각만 넣어주세요,0
케이크는 뭐가 맛있나요?,52
많이 달지 않나요?,8
초코케이크도 같이 주세요,11
아이스 아메리카노 한 잔 샷 추가해서 주세요,0
네 추가해주세요,0
네 그렇게 해주세요,40
아 저 갖고 갈 거라 테이크아웃잔에 주세요,19
카카오 파이로 결제할게요,26
혹시 찬물이 따로 있나요?,31
물이 다 떨어졌는데요?,66
얼음도 넣어주세요,66
주문해도 될까요?,79
토피넛 라테 따뜻하게 하나요,42
아메리카노 하나 주세요,0
라지로 주세요,0
따뜻한 아메리카노요,28
4100원이면 맥스 사이즈로 주세요,0
5000원 드릴게요 거슬러 주세요,28
블랙 티 되나요?,4
얼그레이로 부탁드려요,42
네 따뜻한 걸로 주세요,42
네 그렇게 해주세요,42
베이글도 하나 데워주세요,26
바닐라 라테 주세요,0
그란데 사이즈로 부탁드릴게요,0
네 잠시만요 핸드폰 좀 꺼내겠습니다,0
네 포인트 적립하겠습니다,4
혹시 음료는 몇 분 뒤에 나오나요?,4
아메리카노 한 잔 주시겠어요?,27
아이스로 주세요,0
톨 제일 작은 사이즈인가요?,0
그란데 사이즈로 주세요,25
네 개인 텀블러에 부탁드립니다,28
주문 가능한가요?,1
아인슈페너는 무엇인가요?,42
아이스도 될까요?,11
케이크도 함께 주문 가능한가요?,42
초코 쇼콜라티에 블랙베리 무스 케이크는 뭔가요?,42
자바칩 프라푸치노 한 잔 주시겠어요?,11
kt 멤버십 있으면 사이즈업 가능한가요?,0
휘핑 추가도 할게요,28
네 추가할게요,40
멤버십 적립도 같이 할게요,40
에스프레소 가능한가요?,2
여기 원두는 어떤 걸 쓰나요?,42
와이파이 사용 가능한가요?,11
화장실이 어디죠?,15
그럼 에스프레소 한 잔 부탁드립니다,10
원두 선택할 수 있나요?,0
아이스 아메리카노 기본 몇 샷 들어가나요?,11
아이스 아메리카노와 따뜻한 아메리카노 가격 차이 있나요?,11
한 잔에 얼마인가요?,24
8잔 지금 가능한가요?,24
아이스 아메리카노 작은 걸로 하나 주세요,42
아 쿠키도 하나 같이 계산해주세요,0
오트밀 쿠키로 주세요,0
네 얼마인가요?,0
카드로 계산할게요,24
카페라테 샷 추가되나요?,4
기본 투 샷인가요?,19
카페라테 샷 추가해서 주세요,11
테이크아웃입니다,0
그냥 결제해주세요,26
아포가토 주문 가능한가요?,4
그럼 아메리카노 하나 주세요,42
통신사 카드 할인되나요?,0
할인 부탁드립니다,59
자리에서 기다리면 되나요?,13
티 주세요,27
허브티 어떤 게 있어요?,0
캐머마일 주세요,11
차가운 걸로 주세요,0
얼마에요?,0
라테 한 잔 얼마에요?,24
라테 한 잔에 샷이 몇 개 들어가나요?,24
라테 위에 바닐라 아이스크림 올리면 얼마 추가되나요?,11
케이크는 뭐가 제일 잘나가요?,24
제 텀블러 사용하면 텀블러 할인되죠?,8
아메리카노 주세요,30
아니요 아이스로요,0
기본 2샷인가요?,0
그럼 샷 추가해주세요,11
여기요,19
아메리카노 하나요,4
아뇨 핫으로요,0
테이크아웃이요,0
카드 여기요,26
네 감사해요,4
아이스 음료도 사이즈업 가능한가요?,4
화이트초콜릿 모카 아이스요,28
그럼 그냥 보통 사이즈 주시고 거기에 얼음 좀 많이 해서 주세요,11
맞습니다,52
포인트 적립해주세요,0
아메리카노 한 잔 주세요,2
아니요 아이스로 주세요,0
샷 추가는 얼마인가요?,0
그럼 샷 추가해주세요,24
없습니다,19
바닐라 라테 주문 가능한가요?,19
그럼 바닐라 라테랑 블루베리 크림 와플 하나 주세요,42
네 올려주세요,0
반으로 잘라주세요,0
네 현금영수증 해주세요,0
아메리카노 샷 추가해서 주세요,3
아이스 아메리카노로 주세요,0
얼마예요?,0
카드 결제할게요,24
쿠폰도 찍어주세요,4
아이스 아메리카노 두 잔 주세요,2
할인되는 카드나 적립 카드 있나요?,0
그럼 하나는 사이즈 업해주세요,59
국민카드는 없네요,28
여기 있습니다,28
초코 라테 되나요?,28
아이가 마실 거라 얼음은 반만 넣어 주세요,42
아이는 조금 먹으니까 괜찮아요,52
가지고 갈 거예요,52
저 화장실에 잠시 다녀올 테니 한쪽에 놔주세요,26
오늘의 커피는 어떤 건가요?,72
숏 되나요,11
기다리겠습니다,42
저기 있는 아이스크림은 뭐지요?,0
일행이 있는데 2개 가져가도 되나요?,11
아이스 아메리카노 한 잔 얼만가요?,80
사이즈 업 가능한가요?,24
얼음은 각 얼음이랑 갈린 얼음 중에 고를 수 있나요?,28
샷 추가도 추가 비용 발생하죠?,79
네 현금영수증 해주세요,24
딸기 셔벗 되나요?,3
그럼 주문 가능한 셔벗이 있을까요?,42
그럼 팥빙수도 불가능한가요?,42
빙수에 얼음은 조금만 넣어주실 수 있나요?,42
얼음은 기존보다 조금만 적게 주시겠어요?,52
아메리카노 하나요,52
네 따뜻한 걸로 주세요,0
제일 작은 사이즈로 주세요,0
네 해주세요,0
네 눌렀습니다,4
인기 있는 메뉴가 무엇인가요?,4
그걸로 주시고 카드 가능하죠?,8
통신사 멤버십 할인 가능한가요?,53
그럼 멤버십 할인해주세요,59
도장 쿠폰은 없어졌나요?,13
아메리카노 디카페인 있나요?,2
가격은 얼마인가요?,11
카카오페이 되나요?,24
그럼 그냥 현금으로 할게요,31
네 해주세요,4
아메리카노 한 잔 주세요,3
음료에 시럽 빼주실 수 있나요?,0
사이즈 업 가능한가요?,39
음료에 이물질이 들어가 있어요,28
몇 시까지 영업하나요?,81
인기 있는 메뉴가 뭔가요?,33
단맛이 강한 편인가요?,8
그럼 많이 달지 않게 부탁드릴게요,11
아니요 따뜻하게 부탁드릴게요,0
혹시 카페 쿠폰 주시나요?,0
아이스 아메리카노 1잔 딸기 스무디 1잔 주세요,2
그럼 아이스 아메리카노 2잔 주세요,0
여기 있습니다,0
감사합니다,4
아니요 가지고 갑니다,4
이 카페는 몇 시까지 영업하나요?,26
그럼 아직 주문 가능한가요?,33
그럼 아메리카노 한 잔하고 핫 샌드위치 한 개 주세요,42
네 괜찮습니다,0
커피 먼저 받을 수 있을까요,0
아이스 아메리카노 두 잔이랑 치즈케이크 할게요,72
이 쿠폰 결제하려고 하는데 그러면 결제가 안 되나요?,0
아무거나 다 되나요?,5
더 싸면요?,43
당근 케이크 할게요,43
주문해도 될까요?,0
카페라테 주세요,42
아이스로 주세요,11
네 많이 올려주세요,42
디카페인 원두로 주문 가능할까요?,0
카페라테 한잔 주세요,60
어떤 사이즈가 있나요?,0
라지 사이즈로 주세요,25
치즈케이크 한 조각도 추가해 주세요,28
현금 영수증 가능하죠?,0
카페모카 프라푸치노 있나요?,3
그럼 아이스 카페모카 얼음 많이 넣어서 주세요,11
베이글은 어떤 종류가 있나요?,0
블루베리 베이글 데워 주실 수 있나요?,11
음료는 나가서 마실 거라 플라스틱 용기에 주세요,7
망고 주스 되나요?,26
얼음은 빼 주세요,42
가격이 얼마에요?,52
카드 결제되나요?,24
영수증 주세요,4
여기 혹시 아침세트 메뉴 있나요?,47
그럼 지금 5세트 주문할게요,11
빵 종류가 세트 말고도 있으면 같이 주세요,0
한 5개 정도 넣어주세요,0
네 다 포장해서 주세요,0
아이스 모카 한잔 주세요,26
아니요 테이크아웃할게요,0
네 많이 주세요,26
애플파이 하나도 같이 포장해주세요,0
포인트 적립해주세요,0
아메리카노 한잔 얼마인가요?,2
아메리카노 한잔 주세요,24
아이스로 부탁드려요,0
제휴카드로 할인 가능한가요,0
네 그럼 할인 적용해주세요,59
아이스 아메리카노 한 잔이요,13
네 매장에서 마시고 갈게요,0
카카오 파이로 계산할게요,67
네 없습니다,31
그냥 버려주세요,4
아메리카노 따뜻한 걸로 주세요,69
샷 추가되나요?,0
네 추가해 주세요,19
화장실 비밀번호가 어떻게 돼요?,40
따뜻한 물 한잔 주세요,82
돌체 라테 하나 주세요,66
네 그리고 두유로 바꿔주세요,0
톨 사이즈로 해주세요,44
네 없어요,0
네 여기요,44
겨울인데 빙수 주문 가능할까요?,4
아 그럼 겨울에만 판매되는 메뉴는 있나요?,42
그럼 과일청 차 2개만 추천 부탁드릴게요,11
혹시 차류도 시원하게 되나요?,8
그럼 영귤차 하나 자몽차 하나씩 테이크아웃할게요,11
주문해도 되죠,0
메뉴판에 있는 것 모두 주문 가능한가요?,42
딸기 라테 주세요,42
라지로 따뜻한 음료 가능한가요?,0
그럼 그렇게 해주세요,65
새로운 음료가 출시되었다고 들었는데요,0
다른 사람들의 평이 어떤가요?,71
아 그러면 새로운 메뉴로 2잔 부탁드려요,71
혹시 음료 말고 다른 디저트 제공도 되나요?,0
당근 케이크로 부탁드릴게요,41
아메리카노 주문 가능한가요?,0
뜨겁지 않게 해주실 수 있나요?,42
여기 밀크티는 얼마에요?,65
그럼 밀크티도 한잔 주세요,24
현금영수증 해주세요,0
카페라테 가격이 얼마에요?,3
네,24
아이스 캐러멜 마키아토는요?,24
아이스 캐러멜 마키아토 하나 주세요,24
네,0
메뉴판에 없는 것도 주문 가능할까요?,4
그러면 캐러멜 라테 한 잔 주세요,42
사이즈 별로 가격이 어떻게 되나요?,0
그럼 라지 사이즈로 주세요,24
아니요 마시고 갈 거예요,28
혹시 메뉴판 주실 수 있나요?,26
혹시 커피 안 들어간 메뉴 있나요?,75
아 여기 있네요,11
그럼 녹차라테 하나 주세요,11
아니요 뜨거운 걸로 주세요,0
당근 케이크 지금 남아있나요?,0
아이스 카페라테 한 잔이랑 당근 케이크 하나 주세요,11
포인트 적립 가능한가요?,0
삼성 파이로 결제 가능하죠?,2
당근 케이크는 따로 결제할 수 있나요?,31
레귤러 사이즈 아메리카노와 베이글 하나 주세요,83
어디서 온 커피가 있나요?,0
그럼 콜롬비아 하나 주세요,11
무엇을요?,60
네 데워주세요,11
여기는 커피만 파나요?,7
차 종류는 어떤 게 있나요?,11
레몬티는 단 음료인가요?,11
그럼 아이스로는 되나요?,11
아이스 레몬 티로 세 잔 포장해주세요,65
블루베리 치즈케이크 주세요,0
아니요 포장해주세요,0
27개 주세요,26
아니요 현금영수증 해주세요,0
쿠폰도 찍어주세요,3
라테 아이스로 주세요,2
3번 펌핑해주세요,0
케이크는 어떤 종류가 있나요?,0
당근 케이크 얼마에요?,11
커피랑 같이 주세요,24
달콤한 커피는 어떤 종류가 있죠?,0
캐러멜 마키아토로 주세요,11
네 맞습니다,0
아니요 빼주세요,0
테이크아웃으로 부탁드립니다,0
아이스 아메리카노 하나 주세요,26
그러면 자몽 주스 하나로 부탁드릴게요,0
라지 사이즈로 주세요,0
클럽 샌드위치도 하나 주세요,0
여기 카드요,0
아이스 아메리카노 한 잔에 얼마인가요?,4
블루베리 머핀은 얼마인가요?,24
아이스 아메리카노랑 블루베리 머핀 주세요,24
시럽은 어느 쪽에 있나요?,0
머핀 데워주실 수 있으세요?,39
텀블러 구입하려고 하는데 기프티콘으로도 결제가 가능한가요?,7
아이스 카페모카 한 잔에 얼마예요?,5
포인트 적립이 2배인 케이크는 어떤 건가요?,24
기프티콘으로 결제하고 나머지 차액은 이 카드로 결제해주세요,11
가지고 갈 거니까 커피랑 케이크는 포장해주세요,9
아메리카노 있나요?,26
머핀은 얼마인가요?,11
세트 구성은 없나요?,24
아이스 아메리카노랑 머핀 포장되나요?,11
포장해주세요,38
지금 주문 변경 가능한가요?,26
아이스 아메리카노에서 따뜻한 아메리카노로 바꿔주실 수 있나요?,56
혹시 테이크아웃 말고 머그잔으로 바꿔주실 수 있나요?,56
사이즈 변경도 가능한가요?,67
제일 큰 사이즈로 바꿔주세요,28
카페모카 한잔 주세요,28
조금만 올려주세요,0
조각 케이크도 있나요?,0
생크림 케이크 한 조각도 같이 주세요,11
네,0
조각 케이크 포장되나요?,26
그럼 판 케이크 구매 후 조각 케이크로 포장도 가능한가요?,38
네 괜찮습니다 스트로베리 판케잌 6조각으로 해서 개별 포장 부탁드립니다,38
포장되었나요?,26
얼마인가요,38
카페라테 우유 종류변경 가능한가요?,24
선택 가능한 우유 종류는 어떻게 되나요?,44
변경 시 추가 비용은 발생하지 않나요,44
두유로 아이스 카페라테 한잔 부탁드립니다,24
네 레귤러 사이즈로 해주시고 시럽은 빼주세요,0
콜드브루 라테 되나요?,0
휘핑크림 올려주실 수 있나요?,42
혹시 컵 두개로 나눠서 담아주실 수 있나요?,40
휘핑크림은 추가 금액 붙나요?,84
사이즈는 뭐 있나요?,24
차 요 앞에 대 놔둬 되죠?,25
아이스 아메리카노 하나 주시겠어요?,57
사이즈 제일 작은 게 뭐죠?,0
그걸로 주시고 결제는 현금으로 해주시고 현금영수증 되죠?,25
어디에 눌러야 되죠?,3
캐러멜 프라푸치노 얼마예요?,3
샌드위치는 뭐가 제일 맛있나요?,24
튜너 샌드위치도 2개 주세요,8
마카롱 네 개 포함해서 같이 주세요,0
이 카드로 계산하고 영수증 주세요,0
아이스 아메리카노 주세요,47
아니요 사이즈 업 부탁드려요,0
통신사 할인받을게요,28
치즈 조각 케이크 있나요?,13
얼마인가요?,11
아이스 아메리카노 가격이 얼마인가요?,24
저는 톨 사이즈로 먹습니다,24
샷 추가하려면 얼마를 내야 하나요?,0
그럼 아이스 아메리카노 샷 추가해서 주세요,24
아니요 테이크아웃하겠습니다,0
캐러멜마키아토 한 잔이랑 에스프레소 한 잔이요,26
네 부탁합니다,0
현금 계산이요,0
네 해주세요,4
네 알겠습니다,3
지금 커피 주문 가능한가요?,3
아메리카노 한 잔이요,42
샷 하나 추가에 얼마에요?,0
투 샷으로 해주세요,24
네 그렇게 해주세요,19
아이스 아메리카노 한 잔이요,0
가장 작은 사이즈 주세요,0
샷은 몇 개 들어가나요?,0
톨 사이즈는 샷이 몇 개 들어가나요?,11
그럼 톨로 주세요,11
아메리카노 한 잔 얼마에요?,28
사이즈업 되나요?,24
케이크는 뭐가 제일 맛있나요?,28
당근 케이크 한 조각 주세요,8
현금 영수증 해주세요,0
아이스 라테 하나 주세요,3
아뇨 테이크아웃이요,0
아뇨 만들어주세요,26
0246이요,4
감사합니다,4
음료 단체 주문 가능한가요?,0
오늘 오후 7시에 받으려고요,55
아이스 아메리카노 30잔 해주세요,55
CJ one 포인트 번호로 적립할게요,0
혹시 포인트 얼마나 남았나요?,2
아이스 라테 한 잔이,2
매장에서 먹고 갈 거예요,0
엘지 VIP예요,26
케이크 뭐가 잘 나가나요?,4
치즈케이크도 주세요,8
프리쿠폰 사용 가능한가요?,0
프리쿠폰으로 어떤 음료를 주문할 수 있어요?,5
사이즈는 어떤 걸로 주시는 거예요?,5
라지 사이즈는 추가 금액이 있나요?,25
그럼 따뜻한 라테 라지로 한 잔이요,24
바닐라 라테 얼마예요?,0
우유 종류 선택 가능한가요?,24
거품 적게 주실 수 있을까요?,44
휘핑 추가해주세요,11
캐리어에 담아주세요,40
아이스 아메리카노 하나 주세요,26
작은 사이즈로 주세요,0
샷은 몇 개 들어가나요?,0
하나만 넣어주세요,11
현금되죠?,19
아메리카노 두 잔 주세요,4
아뇨 매장에서 먹을 거예요,0
네 그리고 치즈케이크 한 조각 주세요,26
화장실은 어디죠?,0
화장지는 안에 있죠?,10
녹차라테 있나요?,85
네 아이스로 하나 주세요,11
그란데 사이즈요,0
네 에스프레소 휘핑크림으로 많이요,0
삼성페이 되죠?,0
카페라테 얼마에요?,31
바닐라 시럽 추가되나요?,24
샌드위치랑 음료 세트도 있나요?,39
그럼 샌드위치랑 카페라테 주세요,11
포장해주세요,0
딸기 스무디 한 잔 주세요,26
그럼 녹차 프라푸치노는 되나요?,0
초코케이크 포장되나요?,42
그럼 초코케이크랑 치즈 케이크 포장해주세요,38
네 같이 포장해주세요,0
아메리카노 한 잔에 얼마인가요?,26
이 음료는 새로 나온 음료인가요?,24
녹차라테는 얼마인가요?,71
휘핑크림이 올라가나요?,24
그럼 아이스 한 잔으로 테이크아웃 해주시겠어요?,11
주문할게요,0
아메리카노 레귤러 사이즈 하나랑요 티라미수 하나요,42
네 있어요,0
주차했는데 주차 증 발급은 어떻게 받나요?,4
일회용 컵에 주세요,78
카페라테 한 잔 주세요,26
아니요 아이스로 주세요,0
톨 사이즈로 주세요,0
네 기프티콘 되나요?,0
현금영수증 되나요,5
아메리카노 한 잔은 얼마인가요?,3
아메리카노 언제 나오나요?,24
화장실은 어디 있나요?,27
오렌지 주스는 있나요?,10
아메리카노에 샷 추가해주세요,11
아이스 바닐라 라테 얼마에요?,19
얼마나 기다려야 하나요?,24
먹고 갈 테니 머그잔에 주세요,27
카드 결제할게요,67
포인트 적립해주세요,4
아메리카노 한 잔 주세요,2
작은 사이즈로 주세요,0
샷 하나 추가해주세요,0
얼마 추가되죠?,19
시원한 걸로 해주세요,24
지금 딸기 스무디 2잔 주문 가능한가요?,65
1잔도 안 되나요?,42
그럼 딸기 에이드는 가능한가요?,42
스무디 종류 중에선 지금 어떤 것 주문되나요?,42
그러면 딸기 에이드 1잔이랑 블루베리 스무디 1잔 주세요,42
휘핑크림이 올라가는 커피가 뭐가 있죠?,0
그럼 카페모카로 한 잔 휘핑크림 가득 올려주시고 혹시 커피에 샷 추가되나요?,11
그러면 샷 추가 부탁드리고 앞에 진열된 쿠키는 얼마예요?,19
쿠키도 같이 하나 부탁드릴게요,24
네 그리고 제로 페이 가능한가요?,0
저 아메리카노 아직 안 나오나요?,31
얼마나 더 기다려야 합니까?,27
그럼 옥수수빵이랑 카푸치노 한 잔 구매할게요,27
만원 현금 되나요?,0
그럼 혹시 3천 원짜리 텀블러 있나요?,4
아메리카노 한 잔 주세요,86
아이스로 주세요,0
일회용 컵으로 주시는 건가요?,0
그럼 머그컵에 주세요,38
설탕은 어디에 있나요?,67
캐러멜마키아토 하나하고 컵케이크 한 조각 주세요,39
그란데로 주세요,0
여기서 먹을 겁니다,0
KT 멤버십 할인되나요?,26
카드하고 멤버십 카드입니다,59
아이스 아메리카노 한 잔 주세요,13
혹시 샷 추가 가능한가요?,0
샷 추가는 얼마인가요?,19
왜 무료예요?,24
샷 추가 무료 제공은 언제까지 해요?,24
커피 주문했는데 생각보다 오래 걸리네요,72
많이 바빠 보이시네요 왜 그렇게 바쁘시죠?,27
그러면 제 커피는 언제 나오는지 알 수 있을까요?,72
저 말고도 대기인원 있나요?,27
그렇게까지 기다릴 수가 없어서 주문취소할게요 주문취소 가능한가요?,72
카페인이 들어가지 않은 음료는 무엇이 있나요?,87
캐머마일 따뜻한 건 얼마인가요?,11
오미자 스파클링 음료는 얼마인가요?,24
오미자 스파클링 음료는 주문하면 얼마나 걸릴까요?,24
테이크아웃 하지 않고 먹고 가려면 어떻게 해야 하나요?,27
아이스 아메리카노 한 잔 주세요,49
그란데 사이즈로 주세요,0
라지 사이즈는 얼마에요?,0
카드로 결제할게요,24
괜찮습니다,4
그린 티 프라푸치노 한잔 주세요,4
포장해주세요,0
제 텀블러에 담아주세요,26
혹시 자바칩도 추가 가능한가요?,26
반은 갈고 반은 그냥 넣어주세요,40
자바칩 프라푸치노 얼마에요?,0
사이즈업하면 얼마에요?,24
치즈 케이크 있나요?,24
그럼 케이크도 한 조각 주세요,11
네 계산해주세요,0
창가 쪽 자리 있나요?,4
아메리카노 따듯한 걸로 두 잔 주세요,22
오실 때 얼음 넣은 물 한 컵 부탁드려요,0
시럽이나 설탕 있나요,66
아메리카노 리필되나요,39
초코 바나나 스무디 되나요?,88
얼마인가요?,42
초코 바나나 스무디 하나 주세요,24
네 올려주세요,0
네 먹고 갈 거예요,0
여기 아메리카노 기프티콘 사용 가능한가요?,26
아메리카노 한잔하고 치즈 케이크 하나 주시겠어요?,5
그러면 케이크 뭐 남았나요?,0
티라미슈 케이크로 주세요,11
케이크는 카드로 결제 부탁드릴게요,0
음료 사이즈는 뭐 뭐 있나요?,4
그럼 아이스 아메리카노 라지 사이즈 샷 추가해주세요,25
마시고 갈게요,0
마시다가 나가야 하면 어떻게 하나요?,67
와이파이 비밀번호는 어디에 있어요?,38
커피 원두 종류가 어떻게 되나요?,15
우유 종류도 고를 수 있을까요?,11
그럼 아메리카노 주세요,11
네,0
아니요 테이크 아웃 잔에 주세요,0
아이스 아메리카노 바로 되나요?,26
얼음은 갈아서 주세요,42
레귤러로 부탁드립니다,77
쿠폰도 찍어주세요,0
빨대는 안 주셔도 돼요,2
아이스 아메리카노 한잔 얼마예요?,89
샷 추가되나요?,24
요즘 제일 잘나가는 케이크는 뭐예요?,19
그럼 치즈케이크 하나 주세요,8
포인트 적립되나요?,0
아이스 카페모카 하나 주세요,2
휘핑크림은 빼주세요,0
없어요,0
테이크아웃이요,0
아니요 포인트 없어요,26
바닐라라테 있나요?,4
그럼 비슷한 맛의 커피가 있나요?,11
가격은 얼마인가요?,8
아이스 딜라이트 라테로 한 잔 주세요,24
현금으로 계산 가능한가요?,0
아이스 아메리카노 한 잔 주세요,4
리필 가능한가요?,0
제 텀블러에 담아주세요,88
네 부탁드려요,1
영수증은 버려주세요,1
우유를 두유로 변경 가능한가요?,69
카페라테에 두유로 변경해서 주세요,44
톨 사이즈로 주세요,44
아니요,0
현금영수증 해주세요,0
이 매장에서 블랙 슈거 버블티를 파나요?,3
그럼 아이스초코에 샷 추가되나요?,11
포인트 있는데 포인트로 결제되나요?,19
포인트로 결제한 것도 적립이 되나요?,5
준비되면 이 번호로 문자를 주실 수 있나요?,2
디카페인 커피 있나요?,72
그럼 라테를 디카페인으로 해주세요,11
아뇨 아이스로 해주세요,0
티라미슈 한 조각엔 얼마예요?,0
티라미슈도 하나같이 주세요,24
아이스크림 주문 가능한가요?,0
디카페인 커피 주문 가능한가요?,42
카페모카 위에 휘핑크림 빼고 주세요,42
조각 케이크 말고 홀 케이크도 있나요?,0
커피는 텀블러에 담아주세요,11
커피 테이크아웃 가능할까요?,1
혹시 디카페인도 있나요?,38
아메리카노 2잔 카페라테 2잔 디카페인으로 테이크아웃해주세요,11
네 티슈도 넉넉하게 챙겨주세요,0
아니요 두 잔 다 그냥 주세요,46
주문해도 될까요?,0
초코 라테 1개 아메리카노 5잔이요,42
전부 라지로 주세요,0
아니요 계산은 현금으로 할게요,0
포장인데 앉아있어도 되죠?,4
카페라테 하나 주세요,49
따뜻한 걸로 주세요,0
이 모바일 쿠폰 사용 가능한가요?,0
안 되면 카드 결제로 할게요,5
현금영수증도 해주세요,4
아메리카노 얼마에요?,3
포인트 적립 가능해요?,24
할인되는 카드 있나요?,2
아가 먹을 음료도 있나요?,59
포장 가능하죠?,8
여기 쿠폰 사용 가능한가요?,38
이게 아메리카노 무료 쿠폰인데 다른 음료로 변경되나요?,5
그러면 슈크림 라테로 주세요,43
톨로 주세요,0
쿠폰은 여기 있습니다,0
여기 몇 시까지 영업하나요?,90
아이스 카페모카 하나 주세요,33
네 많이 올려주세요,0
아니오 테이크아웃 할 거예요,0
아이스는 더 비싼가요?,26
아이스 카페라테 한 잔에 얼마인가요?,24
샷 추가하는데 추가 가격이 있나요?,24
시럽 추가 혹시 가능한가요?,24
바닐라 시럽 추가되나요?,39
바닐라 라테 아이스로 한 잔 주세요,39
아메리카노 한 잔 주세요,0
차가운 걸로 주세요,0
제일 큰 거로 주세요,0
매장에서 먹고 갈 거예요,0
여기요,26
아이스 아메리카노 한잔 주세요,4
어떤 종류 사이즈가 있나요?,0
라지로 주세요,25
카드 결제할게요,28
여기 찍어주세요,4
지금 주문 가능한가요?,4
디카페인 콜드브루 있나요?,42
다른 디카페인 메뉴 좀  추천해주세요,11
그럼 카페라테 디카페인으로 한 잔 주세요,8
카카오페이 가능하죠?,0
아이스 아메리카노 2잔에 얼마인가요?,31
초코케이크는요?,24
그러면 아이스 아메리카노 2잔과 초코케이크 1개 네이버 파이로 결제 가능한가요?,24
네 그러면 결제해주세요,31
여기서 먹고 가려고요,31
돌체 라테 한 잔에 얼마에요?,26
디카페인으로 가능한가요?,24
그럼 아이스로 한잔 주세요,11
제 텀블러에 담아주시면 할인되죠?,65
네 제 텀블러에 담아주시고 결제하고 현금영수증 처리할게요,30
주문할게요,3
아이스 아메카노 한잔 주세요~,42
베이글도 하나 주세요,0
네 추가해주세요,0
빨리 부탁드려요,0
아이스 아메리카노 2잔 주세요,91
혹시 삼성 파이로 결제 가능해요?,0
그럼 이걸로 결제해 주세요,31
아 혹시 포인트 적립돼요?,31
얼마나 쌓였어요?,2
옆 가게에서 국수 안 먹으면 할인 안되죠?,2
케이크 같은 것도 있어요?,59
저 음료는 커피 들어있나요?,11
이건 보리찰떡인가요?,11
보리찰떡 하나 하고 아메리카노 한 잔 주세요,11
예 따뜻하게 주세요,0
네 먹고 갈게요,0
시나몬 조금 뿌려주세요,26
남은 거 좀 싸줄 수 있어요?,40
네 작은 컵에 담아주세요,38
빵은 여기서 만든 거에요?,26
초코라떼 있어요?,11
네 맞아요,42
쌀라떼는 뭐에요?,0
곡물라떼 사진은 어디있어요?,11
곡물라떼 따뜻해요?,75
곡물라떼 얼만데요?,11
티바나는 뭐에요?,24
메뉴판 두 번째 메뉴는?,11
블루베리 머핀하고 플래시 구콘 주세요,11
네 따뜻하게 해주실 수 있나요?,0
카드는 기계에 꽂는게 맞나요?,65
쉬는 날이 없어요?,53
주말에는 자리가 없죠?,92
원두를 좀 많이 태우나요?,22
모든 메뉴를 강하게 로스팅해요?,11
행사 같은 건 안 하나요?,11
회원카드는 얼마에 사용 가능한가요?,72
회원카드는 충전해서 사용하는거에요?,2
회원비는 있나요?,2
회원카드를 많이 쓰면 혜택이 있나요?,2
테이크아웃 해주세요,2
커피 종류 테이크아웃하면 더 싸요?,26
카라멜 마끼아또는 뭐에요?,24
카라멜 소스를 위에 올려주나요?,11
카라멜 마끼아또 엄청 달겠네요?,11
핑크 솔트 비엔나는 소금이 들어갔다는 거에요?,11
핑크 솔트비엔나에 우유도 들어가요?,11
카라멜 마끼아또 포장 해주실래요?,11
카라멜 마끼아또 따듯하게 해도 되나요?,38
스몰사이즈로 우유가 안 들어간게 아메리치노인가요?,65
아메리치노가 무슨 말이에요?,11
스몰보다 더 작은 사이즈는 없나요?,11
유자차 따뜻하게 스몰사이즈로 마시고 갈게요,25
할인이랑 적립은 어떤 카드가 되죠?,0
통신사 할인은 안되나봐요?,59
그냥 결제해주세요,59
사장님 여기 찬물 조금만 떠주세요,4
판매용 더치커피는 없어요?,66
카페 용품은 이게 다에요?,93
몇 시까지 해요?,86
샤케라또가 뭐에요?,33
샤케라또는 아이스네요?,11
아포가토는?,11
아메리카노 주세요,11
네 따뜻하게 해주세요,0
마시던거 싸주실 수 있어요?,0
형광커피가 뭐예요?,38
형광커피는 아이스네요?,11
칵테일도 있어요?,11
로스팅은 얼마나 해요?,11
적립도 되나보네요?,11
여기 체인점이에요?,2
메뉴 글씨가 너무 작아요,94
아메리카노 주세요,95
네 테이크아웃으로 주세요,0
영수증 주세요,26
헤이즐넛도 시럽이에요?,47
음료에 카라멜 시럽을 넣기도 해요?,11
카라멜 시럽 넣어주실 수 있어요?,11
테이크아웃은 더 싼가요?,39
아메리카노 뜨거운 걸로 하나 주세요,24
더치커피도 있어요?,0
텀블러 가져오면 할인해주시나요?,93
카카오페이도 돼요?,30
삼성페이는 되고요?,31
그냥 결제해주세요,31
여기 샷이 몇 개에요?,4
저는 한 샷 반 정도가 좋은 거 같아요,11
이게 몇 미리죠?,19
카페 생긴 지 얼마나 됐나요?,25
원두는 로스팅 된 거 사 오시나요?,45
신세계 포인트 사용이 되어있는데 신세계랑 관련이 있어요?,11
아메리카노 제일 작은 사이즈가 뭐에요?,94
아이스 아메리카노 숏사이즈로 돼요?,25
톨 사이즈로 아이스 아메리카노 하나 주세요,25
오늘의 커피는 뭐에요?,0
라떼 작은 거 하나 주세요,11
네 맞아요,0
네 먹고 갈거에요,0
여기 샌드위치 있나요?,26
샌드위치 데워주기도 하나요?,11
신세계 상품권으로도 결제 되나요?,7
일반영수증 하나 주세요,4
라떼에 시럽 한 번만 넣어주세요,47
자리는 아무 데나 앉으면 돼요?,39
허니 바게트빵 이거는 뭐에요?,22
데워 주는 거죠?,11
카푸치노 와플도 있는데 이건 커피 맛이 나나 봐요?,7
밖에 프라이팬은 뭐예요?,11
새로운 게 먹고 싶은데 카모마일은 차 종류 맞나요?,11
아이스 아메리카노 한 잔 주세요 ,11
카페 비엔나는 달아요?,0
따뜻한 아메리카노 위에 휘핑이 올라가요?,11
카페 비엔나 한 잔 주세요,11
네 여기서요,0
쿠키슈는 안에 뭐가 들어있는 거예요?,26
밀크티 라떼 따뜻한 음료라고 했죠?,11
밀크티 라떼랑 카페라떼랑 뭐가 달라요?,11
사진에 있는 게 밀크티 라떼죠?,11
영수증 주시면 안 될까요?,11
햄 치즈 크로와상 데워 주실 수 있나요?,47
아니요 여기서 먹으려고 하는데요,7
아이스 아메리카노 사이즈업 해주실 수 있나요?,49
네,28
혹시 여기 주차했는데 뭐 되나요?,28
여기 물은 어디 있어요?,57
혹시 여기 작은 컵 있나요?,54
물티슈랑 냅킨 두 개 줄 수 있어요?,96
음료 리필은 돼요?,46
나중에 오면 리필 할 수 있나요?,88
주문은 카운터에서 하면 돼요?,88
제가 해피머니에서 요기요 아이스 아메리카노 선물 받았는데 사용가능한가요?,42
네 결제해 주세요,5
네 없어요,4
네 여기서 먹을 거예요,4
아뇨 사이즈업은 천이백원을 더 내야하나요?,26
커피 꿀복숭아 망고는 뭐예요?,28
카페라떼 따뜻한 거 작은 사이즈로 주세요,11
적립은 번호 찍을게요,0
니트로커피가 뭐예요?,2
와플은 하는데 시간이 좀 걸려요?,11
번에 치즈가 들었어요?,27
번은 따뜻하게 데워주는 거죠?,11
오리지널이 천구백원 맞죠?,7
커피 가루인데 카페라떼로 되어있는 거 있나요?,24
텀블러 같은 거 팔아요?,93
커피 남은거 종이컵에 담아가도 되죠?,86
메뉴판 어디 있어요?,38
딸기라떼에는 뭐가 들어있어요?,95
콜드브루 아인슈페너는 뭔데요?,11
시원한 음료 종류는 어디 있어요?,11
아이스티도 시원하죠?,11
아이스티 한 잔만 주세요,11
주차장은 가게 맞은편 맞나요?,0
카카오페이 결제 돼요?,57
나중에 친구들하고 모임 할 예정인데 애완견 데리고 와도 돼요?,31
콜드브루 파는 거에요?,97
물에 타 먹으면 되는 거죠?,11
고소한 원두 한 병 주세요,11
샷 한 번만 넣으면 되나요?,0
내가 라떼를 좋아하는데 어떤 원두가 괜찮을까요?,11
아무래도 향이 더 진할 텐데 잘 어울릴까요?,98
로얄 밀크티는 뭐에요?,98
커피가 들어간 거에요?,11
베리민트는요?,11
맛은 똑같은 거에요?,11
아트라떼는 솔티치즈랑 다르게 커피가 들어가는 건가요?,11
솔티치즈 카페라떼 하나만 주세요,11
네 따뜻한 걸로 주세요,0
주차 잠깐 해도 돼요?,0
그럼 세울 데는 없어요?,57
주차 단속은 안하려나?,57
많이 안 달죠?,57
커피 말고는 뭐 있어요?,11
어떤 게 잘 나가요?,11
망고는 뭐에요?,8
블루베리 주스 잘 나가요?,11
블루베리 주스 한 잔 주세요,11
영수증 하나만 주세요,0
곡물 라떼는 뭐 들어가요?,47
블루베리 주스에는 시럽 들어가요?,11
시럽 조금만 넣어주세요,11
사장님 냉동 블루베리에 시럽만 넣었죠?,39
오늘은 몇 시까지 해요?,11
돌체라떼인가 연유 들어가는거 있어요?,33
연유 말고 또 뭐 들어가요?,11
아메리카노 하나 따뜻한 걸로 주세요,11
네,0
네 톨사이즈로 주세요,0
아메리카노 많이 뜨거워요?,0
주차는 가게 앞에 하면 돼요?,11
은색 텀블러 얼마에요?,57
사장님 커피 메뉴판 어딨어요?,24
사장님 허니 브래드는 직접 만드신거에요?,95
수제와플이랑 토스트랑 케이크 중에 어떤 게 잘 나가요?,11
수제와플 하나 주세요,8
네 사장님 차는 어디 세우고 들어오면 돼요?,0
사장님 더치커피는 이 큰병에 만삼천 원이에요?,57
핸드드립이랑 콜드브루는 뭐가 달라요?,24
핸드드립커피 주세요,11
비 따뜻한거 한잔이랑 콜드브루로 주세요,0
콜드브루는 따뜻한 거에요?,0
여기 톰과 제리 치즈 모양 생긴게 치즈 케이크인가요?,11
여기는 주차는 어디다 해요?,11
여기 생긴 지 얼마나 됐어요?,57
금방 만든 거 있어요?,45
고로케 얼마씩 해요?,11
고로케 안에 뭐가 들었어요?,24
팥 도너츠도 이천 원이에요?,11
단팥 도너츠 하나하고 고로케 하나 주세요,24
베이커리하고 카페하고 같이 하시죠?,0
그 빵은 뭐에요?,45
그 빵은 얼마에요?,11
이 빵은 뭐에요?,24
이빵은 얼마에요?,11
우리 고로케 한 개 더 주세요,24
영수증 하나만 주세요,0
젤라또 통에다 넣어주세요,47
네 어떤 맛이 잘 나가나요?,26
네 치즈도 괜찮아요 ,8
그렇게 네 가지 넣어주세요,8
예 영수증 좀 주세요,0
여기는 주차 할 데는 없죠?,47
머랭쿠키도 직접 만드신 거에요?,57
저건 삼천오백 원 맞죠?,11
케이크 종류 파시는데 커피도 파시는 건가요?,24
몰디브라떼는 뭐에요?,11
여기 오늘의 커피라고 있다고 하던데 그건 뭐에요?,11
일반 아메리카노랑 같은 거에요?,11
제조용법이 다른 거에요?,11
사이즈는 어떻게 돼요?,11
가격은요?,25
삼천팔백 원짜리 드립커피 하나 주세요,24
네,0
네,0
네,26
네 이층에도 자리가 있나요?,0
여기 물은 따로 없나요?,22
네 조금만 주세요,66
네 시럽은 따로 주나요?,66
여기 커피 말고는 음료수 뭐 있어요?,39
안 차가운건 없어요?,11
초콜렛 같은 건 없나요?,11
더블 모카가 초코라떼에요?,11
커피는 안들어가죠?,11
사이즈가?,11
작은 거 하나 주세요,25
아뇨 가지고 갈게요,0
네 여기는 할인되거나 이런 카드 없죠?,26
혹시 쿠폰은 있어요?,59
사용 금액의 몇 퍼센트 적립돼요?,2
영수증 좀 주세요,2
여기 오전에는 몇 시에 문 열어요?,47
초코음료는 뭐 어떤 거 있어요?,33
스무디는 얼음 넣어서 갈은 거죠?,11
핫초코 하나만 주세요,11
생크림은 빼고 우유만 넣어주세요,0
여기는 할인은 따로 없어요?,0
에스케이 할인은 안돼요?,59
영수증 좀 주세요,59
여기 화장실은 어딨어요?,47
화장실 문 잠겼던데?,10
이층은 어디로 올라가요?,10
배달도 하나요?,45
뭐가 맛있어요?,17
따뜻한 거요,8
생자몽 티 따뜻하게 한 잔 주세요,0
아뇨 여기 적립도 해요?,0
할인도 하나요?,2
적립할 때 여러 명이 오면 어떻게 하나요?,59
자몽 티 덜 달게 되나요?,2
자몽 청은 여기서 만드신거에요?,11
아까 영수증 안 주셨어요,11
따뜻한 거는 더 싼 가봐요,47
배달 시킬 수 있게 명함 한 장 주실 수 있나요?,24
커피 들어가는 음료 중에 덜 단 게 있나요?,17
카페 라떼로 주세요,11
작은 걸로 주세요,0
예 테이크아웃 하면 더 저렴해요?,28
적립용 카드 하나 만들어 주세요,24
여기는 스타벅스처럼 럭키백 행사는 안하나요?,2
뚜껑 안 닫아 주셔도 돼요,72
아메리카노 주세요,72
예,0
테이크아웃은 더 싼가요?,0
테이크아웃으로 해주세요,24
시럽은 빼주세요,26
마시고 갈게요,40
예 영수증도 하나주세요,67
네 여기는 네일도 같이 하나요?,47
커피랑 네일은 별도로 운영하시는 건가요?,45
청을 직접 만들어 갖고 파나봐요,45
사장님 커피에 얼음 세 개만 넣어주세요,11
사장님 이런 잔은 얼마에요?,79
제가 지금 먹는 잔 맞죠?,24
이거 아이스 팬은 밀크하고 블랙하고 어떻게 달라요?,86
커피가 들어갔나요?,11
라떼 종류 중에 안 단 건 어떤 게 잘 나가요?,11
애플 시나몬이 신메뉴인가요?,8
더치 커피하고 더치 라떼가 있네요?,71
더치 라떼 따뜻한거 하나 줘요,11
네 조금만 넣어주세요,0
이 카드로 해주세요,0
네 영수증도 하나 주세요,4
시럽은 약간만 넣었나요?,47
미숫가루 라떼 종류가 되게 많네요?,39
생강 차는 생강 분말 들어가요?,11
생강 수삼주스는 뭐에요?,11
수삼주스는 얼마에요?,11
그러면 아메리카노 따뜻한 거 한 잔 주세요,24
예 마시고 갈거에요,0
예 이건 수제쿠키에요?,67
이거 햄치즈는 얼마에요?,11
너무 뜨거워서 그런데 여기 얼음 세 개만 넣어주세요,24
로얄 밀크티는 뭐에요?,79
커피가 들어갔나요?,11
얼그레이는 홍차고 베리민트는 뭐에요?,11
맛은 똑같은가요?,11
솔티치즈 카페라떼 하나 줘요,11
네 따뜻한 걸로 주세요,0
네 여기 뒤에 차 잠깐 세워도 돼요?,0
차는 어디에 세워요?,57
여기 주차 단속은 안하나요?,57
커피 말고는 뭐 있어요?,57
여기는 어떤 게 잘 나가요?,11
망고는 뭐에요?,8
블루베리도 잘 나가요?,11
블루베리는 냉동 블루베리인가요?,11
블루베리 주스 한 잔 주세요,11
영수증 좀 주세요,0
사장님 저 곡물 라떼는 뭐 들어가요?,47
블루베리 주스에는 시럽 들어가요?,11
시럽 적당히 넣어주세요,11
냉동 블루베리에 시럽만 넣었나요?,39
오늘은 몇 시까지 해요?,11
카페라떼 많이 달아요?,33
캬라멜 마끼아또는 달아요?,11
카라멜 마끼아또도 시럽 빼면 괜찮을까요? ,11
케이크 종류도 있어요?,11
티라미수는 어떤 거에요?,11
티라미수는 많이 단가요?,11
생강 에이드도 많이 달아요?,11
에이드가 차가운거죠?,11
주차장은 없나봐요?,11
카페라떼는 설탕 빼주세요,57
오늘의 커피는 뭐에요?,39
아메리카노하고 별 차이가 없어요?,11
오늘의 커피 연한 것도 가능해요?,11
오늘의 커피랑 아이스 아메리카노 주세요,11
네 따뜻한 걸로 주세요,0
네,0
작은 거 두 잔이 어느 정도에요?,26
제일 위에가 작은 거에요?,25
작은 걸로 하고 충전도 할게요,25
아뇨 충전만 5만원 해주세요,61
먹다 남으면 포장 되나요?,61
영수증 주세요,38
제일 작은 사이즈에요?,47
빨대 주시고 물 한 컵 떠갈 수 있나요?,25
차이티 라떼는 단 맛 조절이 가능해요?,66
시럽이 조금만 들어가도 많이 달아요?,11
차이티 라떼 시키면 얼음물 주나요?,11
이천햅쌀라떼가 뭐죠?,79
커피가 안 들어가는 거죠?,11
현금으로 결제를 하더라도 스타벅스 어플에 이력이 남나요?,11
카페 라떼하고 카페 모카하고 뭐가 달라요?,2
카페라떼 하나 주세요,11
텀블러 갖고 왔는데 할인 되나요?,0
텀블러에 담으려면 사이즈는 어떤 거 해야 돼요?,30
톨사이즈가 제일 작은 건가요?,25
톨사이즈로 주세요,25
샷은 한 개 들어가겠네요?,28
우유 양을 조금 더 많게 할 수 있나요?,11
카드에 잔액이 남아 있나요?,32
충전해주세요,5
삼만원이요,61
아뇨 설탕은 내가 따로 넣어야 돼요?,61
초콜릿 크림슈는 무슨 맛이에요?,39
잘 나가는 케이크가 어떤거죠?,11
네 조각케이크로요,8
뉴욕 치즈케이크 하나 주세요,8
네 포장해주세요,0
할인되는 카드 있어요?,26
씨제이 원카드라는건 뭐에요?,59
있어요 ,2
하나는 씨제이 원카드고 하나는 씨제이 계열 할인되는 국민 신용카드인데 두 개 다 사용 가능한가요?,2
여긴 주차장이 따로 없죠?,2
포크 두 개 넣으셨나요?,57
화이트 초콜릿 모카랑 카페 모카랑 뭐가 달라요?,99
소스가 더 끈적하다는 건가요?,11
카페 라떼 하나 주세요,11
제일 작은 사이즈가 뭐죠?,0
톨사이즈로 주세요,25
아뇨 테이크아웃할게요,28
네,26
스타벅스 카드가 집에 많은데 별 적립한 걸 한 카드로 모을 수 있나요?,0
잘 모르겠어요,2
진열 된 건 모형이죠?,2
커피 음료 말고는 어떤게 있어요?,11
자색 고구마는 어떤 맛이에요?,11
초콜릿 라떼 하나 주세요,11
아니요 일단 테이크아웃으로 주세요,0
할인되거나 적립되는 카드 없죠?,26
몇 퍼센트 되죠?,2
주차는 어디다 하나요?,2
티멤버십 이 어플로 하면 되나요?,57
지금까지 실물카드 계속 썼는데 왜 안되죠?,2
영수증 좀 주세요,100
커피음료 말고는 어떤 게 있어요?,47
네,11
플랫치노에 적힌 초콜릿칩은 뭐에요?,11
따뜻한 음료 중에 초콜렛은 없어요?,11
네 한 잔 주세요,11
아니요,0
아니요 ,0
일단 종이컵에 테이크아웃 해주세요 ,4
요거트는 플레인하고 딸기밖에 안돼요?,26
그러면 플레인 요거트 하나 주시고 프라페는 뭐예요?,101
애들은 어떤 프라페를 좋아하나요?,11
플레인 요거트 하나랑 쿠키프라페 주세요,8
네 휘핑 올려주세요,0
네 전에 받은 쿠폰도 있어요,0
쿠폰 10개 모으면 음료 종류 상관없이 한 잔 무료예요?,2
음료 안 쏟아지게 잘 포장해주세요,5
이 음료에는 생딸기가 들어가요?,26
에스프레소는 뜨거운 물 따로 주나요?,11
라떼 중에서는 카페라떼가 제일 덜 달죠?,11
카페라떼 하나 주세요,11
네 2층에도 자리 있죠?,0
네 여기요,22
크림치즈 마카롱 한 개에 천 원인가요?,4
쿠앤크마카롱이랑 딸기마카롱도 하나씩 주세요,24
네 아이스 아메리카노도 하나 주세요,0
초코 마카롱이랑 요거트 마카롱도 하나씩 더 주세요,0
네 승차권 있으면 10프로 할인되나요?,0
영수증 하나 주세요,59
종이컵이랑 빨대 하나만 더 주면 안돼요?,47
커피 메뉴는 어디 있어요?,96
테이크아웃은 할인돼요?,11
커피에 샷은 한 개 들어가나요?,59
커피인데 달콤하게 먹을 수 있는게 있나요?,11
바닐라라테에 바닐라가 들어간건가요?,8
커피콘은 밀가루에 커피를 넣은 건가요?,11
커피콘 12개에 1500원짜리 테이크아웃이요,11
자스민차 있나요?,26
차 종류는 어디있나요?,101
아메리카노에 찬물을 조금 넣어주세요,11
아뇨 테이크아웃 해주시고 10프로 할인해주시는거 맞나요?,66
영수증도 좀 주실래요?,59
아메리카노에 찬물 넣으셨어요?,47
사장님 아메리카노가 뜨거워서 그러는데 얼음 몇 개 넣어주실 수 있어요?,66
테이크아웃하면 할인되나요?,79
빵도 여기서 만드는 거예요?,59
더치커피도 있어요?,11
아메리카노 한 잔 주세요,11
네 따뜻한 걸로 주세요,0
더치커피는 작은 것도 팔아요?,0
더치커피 얼마인데요?,101
근처에 해룡이라는 중국집 있어요?,24
빵 시식 한 번 해봐도 돼요?,62
커피 하나 주세요,80
네 테이크아웃 할인돼요?,0
아메리카노 따뜻한거 하나 주세요,4
아뇨 적립은 몇퍼센트 되나요?,0
전화번호만 말씀해드리면 돼요?,4
856422O,2
김옥O,2
네 포인트 적립됐어요?,2
커피에 샷이 몇 개 들어가요?,2
커피가 너무 뜨거운데 얼음 세 개만 넣어주세요,11
2층도 있어요?,79
빵 시식할 수 있는 거 있어요?,45
빨대는 어디 있나요?,80
밀크 캬라멜은 얼마예요?,54
혹시 빵 배달도 해주시나요?,24
명함 하나 가져가도 되죠?,17
본점도 있어요?,72
모과차 테이크아웃 되나요?,94
혹시 모과차 두 잔으로 나눠줄 수 있어요?,38
모과차 한 잔하고 아메리카노 뜨거운 걸로 하나 주세요,40
가져갈게요,0
영수증 주세요,26
음료 뜨겁지 않게 찬물 조금만 넣어주세요,47
일요일에는 영업을 안하세요?,66
쉬는 날은 없어요?,33
여기 더치커피 팔아요?,92
아메리카노에 샷이 한 개에요?,101
조금만 마시고 가도 되죠?,11
커피가 1리터예요?,49
커피 가격이 1000원이에요?,11
아메리카노 한 잔 주세요,24
네 따뜻한 걸로요,0
작은 걸로 주세요,0
테이크아웃 해주시고 스탬프 적립돼요?,0
커피에 얼음 두 개만 넣어주실 수 있어요?,2
여기 생긴지 얼마나 됐어요?,79
커피에 샷 한 개 들어간 거예요?,45
사과는 얼마예요?,11
영수증 주세요,24
메뉴판은 어디있어요?,47
커피 중에 우유는 안들어가는데 달콤한게 있나요?,75
카페모카에는 뭐가 들어갔죠?,8
카페모카 위에 올라가 있는 건 우유 거품인가요?,11
카페모카에 휘핑크림 올려주세요,11
네 따뜻한 걸로 주세요,0
아뇨 테이크아웃 해주시고 우유는 조금만 넣어주세요,0
네 카페모카에 커피는 안들어가요?,26
영수증 주세요,11
휘핑크림은 뭘로 만드나요?,47
플랫화이트가 뭐예요?,11
여기 체인점이에요?,11
생긴지 얼마나 됐어요?,94
포인트 적립도 하나요?,45
따뜻한 아메리카노 작은 걸로 주세요,2
더치커피도 판매 하나요?,0
영수증 주세요,11
원두는 갈아서 파시나요?,47
컵 홀더 있나요?,11
아메리카노에 샷이 두 개인가요?,26
얼음 두 개만 넣어주세요,11
케냐 에티오피아가 뭐예요?,79
더치 아메리카노는 아이스만 되죠?,11
솔티드캬라멜라떼는 뭐예요?,11
구수한 맛이 혹시 들어있나요?,11
더치라떼로 하나 주세요,11
네 따뜻한 걸로 주세요 ,0
잠시만 여기 앉아서 마시다가 들고나가도 상관은 없죠?,0
테이크아웃컵을 실내에서는 사용 못하게 되어 있어요?,49
시럽은 어디있어요?,38
소금커피가 뭐예요?,54
단 맛은 안나는건가요?,11
메이플라떼는 뭐예요?,11
소금커피 한 번 먹어볼게요,11
네 따뜻한 걸로 주세요,0
네 생긴지 얼마 안됐나봐요?,0
리필도 해주나요?,45
마카롱은 3개에 6900원인가요?,88
대만샌드위치는 여기서 만든 거예요?,24
영수증 받아야 하는데 깜빡했네요,11
아메리카노 시원하게 하나 주세요,47
더블에스프레소는 양이 두 배라는 말이에요?,0
십구곡라떼는 뭐예요?,11
죄송한데 물 한 컵만 주세요,11
컵은 어디다 두면 돼요?,66
가게가 10년이나 됐어요?,102
아포가토는 뭐예요?,45
빽앤나는 뭔데요?,11
레몬에이드하고 티레몬에이드하고 어떻게 차이나나요?,11
콜드브루는 뭐예요?,11
콜드브루 시원하게 한 잔 주세요,11
카드 되나요?,0
모히토커피라떼는 뭐에요?,53
그냥 기본적인 콜드브루 하나 주세요,11
아뇨 됐습니다,0
네 히비스커스라즈 이거는 따뜻하게 나오나봐요,4
체인점인가봐요?,11
이 통은 뭔데요?,94
여기 매장은 국내 브랜드에요?,38
인삼한뿌리는 어떻게 만들어요?,94
진저에이드는 아린 맛이 나나요?,11
톨 사이즈가 제일 작은거예요?,11
카푸치노 위에 시나몬 파우더 올라가나요?,28
아이스 아메리카노랑 카푸치노 한 잔씩 주세요,11
네 먹고 가려고하는데 먹다가 남으면 테이크아웃 할 수 있나요?,0
여기는 자체 회원카드가 없나봐요?,38
혹시 리필도 되나요?,2
따뜻한 물 좀 주세요,88
여기 와이파이 비밀번호가 어떻게 돼요?,66
아메리카노 얼마예요?,15
주스 종류는 어떤게 있어요?,24
바나나 주스는 어떻게 만드는 거에요?,11
바나나 주스 하나랑 아메리카노 하나 주세요,11
네 따뜻한 걸로 주세요,0
네 병 주스는 어떤 게 있어요?,0
할인되는 카드는 없죠?,11
영수증 주세요,2
쿠폰은 없어요?,47
도장 10개까지 찍어야해요?,2
여기 화장실은 어디예요?,2
주문을 잘못해서 그러는데 아이스로 해주시면 안돼요?,10
지금 생과일 주스는 뭐가 돼요?,56
더치커피가 일반 커피보다 맛이 더 진한가요?,101
프라페는 뭐예요?,11
케냐AA보다 예가체프가 더 부드러워요?,11
블루마운틴 아메리카노 주세요,11
네 먹고 갑니다,0
네 카드 되죠?,26
구운 도너츠는 여기서 직접 굽는다 그랬죠?,53
구운 도너츠 하나에 얼마예요?,11
모카치노가 뭐에요?,24
카페라떼 한 잔 주시겠어요?,11
네 카페라떼 진하게 해주실 수 있으세요?,0
여기 체인점인가요?,32
영수증 주세요,94
여기 주차장이 따로 있어요?,47
와이파이 있어요?,57
카카오페이 결제되나요?,15
휴대폰 급속 충전기 있어요?,31
물티슈 하나 주세요,76
따뜻한 물 한 잔 주실 수 있어요?,46
제가 다 못마셔서 컵에 좀 옮겨주실 수 있나요?,66
휴지 조금 더 가져가도 되죠?,26
아메리카노 한 잔 주시겠어요?,46
네 따뜻한 걸로 주세요,0
여기 혹시 쿠폰 있어요?,0
쿠폰은 10개 모으면 되는 건가요?,2
쿠폰으로 받는 커피는 따뜻한 아메리카노로 정해져있어요?,2
사장님 여기 혹시 주차는 어디 하면 되나요?,2
주차단속 차가 다니나요?,57
휴지말고 물티슈는 있어요?,57
커피에 얼음 두 개만 넣어주세요,46
신데렐라 커피는 뭐예요?,79
저는 좀 진한 거 좋아하는데 원두 추천해주세요,11
네 좋아해요,8
네 향이 진해도 상관 없어요,0
제가 고른 원두로 아메리카노랑 라떼도 되는 거예요?,0
커피 코지코히는 뭐예요?,11
코지코히는 900원이에요?,11
그럼 밀크코히는요?,24
메뉴를 일본어로 해 놓으신 거예요?,11
아메키라노 한 잔 주세요,11
네 먹고 갈 거예요,0
가게 앞에 주차해도 되는 건가요?,26
그럼 어디에 주차하면 되나요?,57
몇 시에서 몇 시까지 영업하세요?,57
네 휴지 좀 주시겠어요?,33
혹시 물티슈는 있나요?,46
마카롱도 같이 파시나요?,46
마카롱 한 개에 얼마예요?,11
화장실은 어디로 가면 되나요?,24
마론마키야또는 무슨 맛이에요?,10
바닐라라떼는 어떤 게 들어가나요?,11
카페라떼 하나 주세요,11
네 먹고 갈 거예요,0
회원은 어떤 혜택이 있어요?,26
회원 카드 하나 만들어 주세요,2
빵은 직접 다 만드시는 거예요?,2
오늘은 시식하는 게 없네요,11
몇 시부터 몇 시까지 하시나요?,11
현금이나 카드나 똑같이 3프로 적립이 되는 거예요?,33
음료 리필 서비스는 어떤 거예요?,2
컵 홀더 하나 주세요,88
카카오페이 결제가 가능한가요?,26
민트아메리카노는 어떤 거예요?,31
경성역 다방커피는 어떤 거예요?,11
라떼하고 비슷한 거예요?,11
더 고소한 맛이 많은 거예요?,11
그냥 아메리카노 한 잔 주세요,11
네 따뜻한거 주세요,0
네 먹고 갈 거예요,0
네 혹시 적립카드 같은 게 있나요?,26
적립은 어떻게 되나요?,2
카카오페이 결제는 되나요?,2
빵 종류는 뭐가 있나요?,31
카페에서 만드는 건가요?,11
와이파이 비번은 뭐예요?,11
근처에 편의점이 어디 있어요?,15
빨대 있나요?,62
얼음 좀 넣어 주세요,89
그릇은 카운터에 반납하면 되나요?,79
저녁 몇 시까지 하시나요?,102
아포카토는 어떤 거예요?,33
스팀밀크는 어떤 거예요?,11
아메리카노는 아이스랑 핫이랑 가격 차이 없어요?,11
아메리카노 따뜻한 거 하나 주세요,24
적립 하나 만들어 주세요,0
네 적립하면 어떤 혜택이 있나요?,2
현금이랑 카드랑 똑같아요?,2
크루아상 빵도 만들어서 파시는 건가요?,2
크루아상 안에 초코나 생크림이 들어 있나요?,11
다른 빵은 없나요?,11
영수증 주시겠어요?,11
와이파이 비번 있나요?,47
화장실 어디예요?,15
얼음 조금만 주시겠어요?,10
몇 시에서 몇 시까지 하시나요?,79
머핀이랑 쿠키는 만들어서 파시는 건가요?,33
헤이즐넛라떼는 뭐예요?,11
더치라떼는요?,11
치즈케이크라떼는 어떤 거예요?,11
커피에 들어가는 건가요?,11
아메리카노 따뜻하게 한 잔 주세요,11
네 가지고 가는 거랑 가격이 같나요?,0
카카오페이 결제도 되나요?,24
영수증 주시겠어요?,31
몇 시까지 영업하시나요?,47
할인쿠폰이나 적립카드 있나요?,33
물은 어디서 마시면 돼요?,2
원두찌꺼기 주실 수 있나요?,66
빨대도 하나 주시겠어요?,60
캐모마일은 어떤 거예요?,89
숏라떼는 어떤 거예요?,11
양은 똑같아요?,11
카페라떼 따뜻한 거 레귤러로 한 잔 주세요,11
오리지날 블렌드로 주세요,0
카카오페이도 되는 건가요?,0
적립카드도 있어요?,31
CJ ONE은 어디서 등록하면 되나요?,2
적립된 건 바로 사용할 수 있어요?,2
영수증 주시겠어요?,2
나눠 먹으려고 하는데 종이컵 좀 주실 수 있나요?,47
몇 시에서 몇 시까지 영업하시나요?,96
빨대는 어디 있나요?,33
얼그레이 아메리카노는 어떤 맛이에요?,54
얼그레이는 뭐예요?,11
얼그레이 향이 좀 있겠네요?,11
더블그린 카페라떼는 뭐예요?,11
일반 아메리카노로 주세요,11
따뜻한 걸로 주세요,0
네 먹고 갈 거예요,0
네 시럽은 필요 없습니다,26
적립이나 할인카드 있나요?,0
할인은 몇 프로 되나요?,2
와이파이 비번 있나요?,59
화장실은 어디 있어요?,15
휴지 조금 더 가져가도 되나요?,10
빨대랑 따뜻한 물 한 잔만 주세요,103
카카오페이나 삼성페이 결제가 가능한가요?,66
화이트모카는 어떤 거예요?,31
캬라멜 마키야토는 단 거예요?,11
커피잔도 판매하시는 거예요?,11
따뜻한 물 한 잔 주실래요?,11
휴지 좀 주실래요?,66
리트로콜드브루는 따뜻한 거예요?,46
라떼 따뜻한 걸로 하나 주세요,11
레귤러로 주세요,0
포인트카드 되는 거 있어요?,0
몇 프로 적립돼요?,2
현금이나 카드 똑같이 적립되는 거예요?,2
여기 배달도 되나요?,2
얼마 이상 주문해야 배달비가 무료예요?,17
얼음물은 어디서 마시면 돼요?,17
여기 몇 시까지 영업해요?,66
플랫치노는 뭐예요?,33
스무디랑 비슷한 건가요?,11
베이커리도 하시나 봐요?,11
과일주스는 진짜 과일 갈아서 주는 거죠?,11
헤이즐넛 바닐라라떼 많이 달아요?,11
혹시 설탕은 없어요?,11
도장은 몇 개 찍어야 하나요?,39
시나몬 뿌려주는 거 있나요?,2
카푸치노 한 잔 주세요,11
영수증도 주세요,0
쿠폰 있으면 하나 만들어 주세요,47
아홉 잔 마시면 열 번째는 서비스인가요?,2
달지 않은 따뜻한 음료 뭐가 괜찮나요?,2
카페라떼 한 잔 주세요,8
영수증도 주세요,0
화장실은 어디 있어요?,47
어떤 음료가 잘 나가나요?,10
커피 종류요,8
아메리카노 R사이즈 하나 주세요,11
네 따뜻하게 주세요,0
영수증 하나 주세요,0
빨대는 어디 있어요?,47
아이스 아메리카노 한 잔 주세요,54
네 그린티 라떼는 녹차가루 들어가는 건가요?,0
요거트 스무디 하나랑 딸기 스무디 그리고 아이스 아메리카노 주세요,11
네 스탬프도 하나 만들어 주세요,0
영수증도 하나 주세요,2
요거트 덜어 먹을 그릇 하나만 주세요,47
그럼 종이컵 하나만 주세요,48
어떤 음료가 제일 잘 나가요?,96
카페라떼 한 잔 주세요,8
카페라떼에 샷이 몇 개가 들어가요?,0
하나 반 정도만 넣을 수 있나요?,11
원사이즈인가요?,0
시럽은 조금만 넣어 주세요,11
커피 말고 다른 메뉴는 뭐가 있나요?,0
스무디는 차가운 거죠?,11
초콜렛 라떼는 초콜렛맛이죠?,11
초콜렛 라떼 하나 주세요,11
네 따뜻한 걸로 주세요,0
초콜렛 라떼 많이 달아요?,0
적립 안 되나요?,11
콜드폼 카푸치노가 뭐예요?,2
카페라떼 하나 주세요,11
네 따뜻한 걸로,0
테이크아웃 할게요,0
영수증 주세요,26
아뇨 그냥 일반 영수증으로 주세요,47
화장실 어디 있어요?,3
시럽은 어디 있나요?,10
쵸코 음료는 어떤 게 있어요?,39
시그니처 초콜렛 같은 건 없어요?,11
시그니처 초콜렛으로 한 잔 주세요,11
시원한 걸로 주세요,0
톨 사이즈로 주세요,0
아뇨 가지고 갈게요,0
아뇨 빼 주세요,26
주차장은 따로 없나요?,0
일반 영수증 하나 주세요,57
제일 잘 나가는 생크림 케이크가 어떤 건가요?,47
밑에 슈크림이 들어갔다고 하던데,8
일단 생크림 카스텔라 주세요,11
할인 되는 카드가 따로 있나요?,0
물티슈도 좀 주시겠어요?,59
내일 먹을 경우에는 어떻게 보관해야 해요?,46
오늘의 커피라는 게 뭐예요?,104
이거는 맛 괜찮아요?,11
아메리카노요,11
연해도 괜찮으니 숏 사이즈로 주세요,11
네 먹고 갑니다,0
일반 영수증으로 주세요,26
시럽 넣어 주나요?,3
테이크아웃 되죠?,39
카페라떼 하나 주세요,38
네 따뜻하게 해주세요,0
여기 주차 잠깐 해놔도 돼요?,0
테이크아웃은 다 할인 되는거에요?,57
얼마 할인 되는거죠?,59
시럽 한 번만 넣어주세요,59
사이즈는 따로 없나봐요,39
커피음료 말고는 어떤거 있어요?,28
상관 없어요,11
주스류는 어떤게 있어요?,0
생과일인가요 냉동과일인가요?,11
토마토 주스 하나 주세요,11
네 마시고 갑니다,0
할인되는 카드도 있어요?,26
네 여기 와이파이 돼요?,59
저기 주스 좀 기다려야돼요?,15
화장실좀 갔다올게요,27
스타벅스 돌체라떼는 어떤거에요?,105
많이 달겠네요?,11
아메리카노 하나 주세요,11
네 사이즈가 숏사이즈 톨사이즈 이렇게 있어요?,0
숏사이즈로 주세요,0
네 괜찮아요,28
네 상관 없어요,0
네 테이크아웃이요,0
없어요,26
네 현금영수증 입력 해주세요,28
알겠습니다,3
영수증 좀 주세요,4
네 얼마나 기다려야 돼요?,47
저게 다 커피 음료에요?,27
카페 모카하고 카라멜 모카는 뭐가 달라요?,11
조금 더 달겠네요,11
아메리카노 하나 주세요,11
레귤러랑 톨사이즈 있네요,0
톨 사이즈면 몇미리죠?,0
톨로 주세요,0
아니요 마시고가려고요,28
커피음료는 무조건 할인해주시는거에요?,26
시럽 조금만 넣어주세요,59
조금 달달한건 어떤거 있어요?,39
돌체라떼는 많이 단가요?,8
돌체라뗴 하나 주세요,11
아이스로 주세요,0
사이즈 뭐뭐 있나요?,0
그란데 사이즈로 주세요,28
아뇨 테이크아웃이요,28
괜찮습니다,26
영수증 좀 주세요,28
아뇨 일반 영수증 주세요,47
돌체라떼 금방 되죠?,3
컵홀더 어디있나요,27
커피음료 말고는 뭐 있어요?,54
메뉴판에 있는 주스 다 되는거에요?,11
토마토 주스 생과일인가요?,42
토마토 주스 하나 주세요,11
한잔 사면 쿠폰 있다고 하던데요?,0
쿠폰으로는 뭐 가능하죠,2
아메리카노 하나주세요,2
네 주스는 여기서 마시고 커피는 테이크아웃 해주세요,0
저녁에는 몇 시까지 영업해요?,26
커피는 너무 달지않게 시럽조금만 넣어주세요,33
커피는 뭐가 맛잇어요?,39
많이 단거 싫어하고 쓴것도 싫어해요,8
초코라떼에도 우유 들어가는거에요?,11
초코라떼 하나 주세요,11
네 먹고 가요,0
레귤러는 몇 미리고 라지는 몇 미리에요?,26
레귤러로 주세요,28
따뜻한걸로 주세요,28
네 맞습니다,0
네 주세요,0
안 얹어도 될것 같아요,4
위에 조금만 뿌려주세요,0
커피 어떤게 맛있어요 ,0
더치커피는 그냥 아메리카노 처럼 돼있나요?,8
더치 하나 주세요,11
따뜻한걸로 주세요 ,0
아니요 테이크아웃해주시고 테이크아웃하면 할인되는거 없어요?,0
영수증 주시고 시럽 조금넣어주세요,59
물티슈 있어요?,47
카페 비엔나는 어떤거에요? ,46
아포카도는요?,11
카페라떼 아이스로 하나 주시고 사이즈 있나요?,11
네 테이크아웃 해주시고 얼음은 조금만 넣어주세요,0
아니요 시럽 좀 넣어주시고 영수증 주세요,26
여기 주차장은 앞쪽 밖에 없어요 ?,47
카페라떼 사이즈 있나요?,57
카페라떼 시럽 좀 넣어서 아이스로 해주세요 ,28
두 번 넣어주세요,0
여기는 몇 시에 문열어요 ?,0
저녁에 몇 시까지 해요 ,33
카페 모카는 어떤거에요 ,33
영수증 주세요,11
더치커피는 좀 연한가요 ,47
더치커피로 하나주세요,11
네 얼음 너무 많이 넣진 말아주세요,0
아뇨 테이크아웃이요,52
여긴 테이크아웃잔 하면 할인해주는거 없어요?,26
얼마 할인되는데요? ,59
그냥 더치커피로해서 영수증 주세요 ,59
시럽 좀 넘어주세요 ,47
두펌프 해주세요,39
아메리카노 레귤러보다 더 작은건 없나요?,0
레귤러 사이즈로 아메리카노 한잔 주세요,28
테이크 아웃으로주세요,0
네 따뜻하게 해주세요,26
진하게하면 샷이 얼마나 들어가요?,0
원래는 얼마나 들어가죠?,11
원래대로 해주시고 카드로 할게요,11
KT아닌데 다른거 적립은 없나요?,4
네 영수증 좀 주세요,2
화장실이 안에 있나요?,106
영업시간이 얼마나 되죠?,10
조금 뜨거워서 그런데 얼음 한 개만 넣어주실 수 있나요?,33
아이스크림도 많이 파나봐요?,79
밀크폼 아메리카노가 뭐에요?,11
아이스로 나온거에요?,11
아메리카노로 주시고 사이즈 따로 있나요?,11
따뜻하게 해주세요,11
아니요 시럽 없이 해주세요,0
아니요 적립 안해요,0
영수증 주세요,4
학생들 마실 수 있는거 있어요?,47
생과일 주스에요?,8
코코아는 얼마에요?,11
코코아는 맛있어요?,24
딸기하고 바나나 섞은거 맛있나요?,11
딸기하고 바나나 있는건 얼마에요?,11
딸기 바나나 섞은거 한잔 주세요,24
네 따뜻한거 마시고 싶은데 학생들 먹을거 코코아 말곤 없죠?,0
학생들 먹을게 코코아밖에 생각이 안나는데 다른거 있나요?,8
어떤 에이드요?,8
따뜻한 물 한잔도 주실래요?,8
밀크티는 홍차에다가 우유 넣은거 아니에요?,66
어떤 파우더에요?,11
잘팔리는게 실론 밀크티에요?,11
타이거 밀크티 달아요?,11
왜 타이거 밀크티에요?,11
뜨거운 것도 이렇게 되나요?,11
이층도 있나요?,11
영업한지 얼마나 됐어요?,45
화장실은 어디있어요?,72
아메리카노 한잔 주세요,10
테이크아웃은 더 싸요?,0
수제 누가 크래커도 있네요?,107
커피 나왔나요?,11
초콜렛 같은 음료는 뭡니까?,72
종이 스트로우 있나요?,11
조금만 마시다 가도 되죠?,89
메뉴는 많지는 않네요?,49
주 고객층은 그러면 젊은 사람들 많죠?,11
빨대 하나만 가져갈게요,72
드립 커피는 시간이 조금 걸리죠?,89
양이 너무 많은데 저 이제 식사하고 와서 커피 메뉴판은 어디 있나요?,27
저는 뜨겁게 쟈스민 차 주세요,75
테이크 아웃으로 해주세요,0
결제는 카카오페이 삼성페이 이런 것도 되요?,26
카페 이름이 1분이에요?,31
마카롱 컬러만 다른가 맛볼 수 있어요?,72
색소는 뭐 써요?,80
갑자기 먹고 싶어지는데 마카롱 주세요,11
네 이천 원이죠?,0
1분 커피가 어떤 거에요?,24
쉬는 날은 있어요?,11
화장실은 어디 있어요?,92
아메리카노 위에 커피 하얀 거 얹는 게 뭐죠?,10
휘핑크림 말고 다른 건 또 뭐 있어요?,11
커피 위에 올라가는 거 하얀색이 휘핑크림 우유 외에 다른 건 없나요?,11
아메리카노에는 안 올린다구요?,11
이름이 뭐라구요?,11
모카인데 크림이 흰색이에요?,11
도피오가 뭡니까?,11
아메리카노 테이크 아웃 할인되나요?,11
아메리카노 테이크 아웃으로 해주세요,59
네 근데 컵에서 마실 때랑 맛이 다른 거 같은데 샷이 몇 개에요?,0
뜨거워서 그러는데 얼음 두 개만 넣어주실래요?,11
결제는 삼성페이 카카오페이 이런 것도 다 돼요?,79
생과일 뭐가 있어요?,31
딸기는 몇 프로 들어가요?,11
잼이 들어간다고요?,11
메뉴에 딸기 어디 있죠?,11
작은 사이즈도 있나요?,72
얼음을 빼주세요,28
테이크 아웃은 천 원 할인돼요?,52
적립도 되고 그래요?,59
제가 오늘 설탕 섭취를 많이 해서 잼을 안 넣으면 어떻게 될까요?,2
딸기 100프로에요?,42
너무 찐해서 그러는데 미지근한 물 좀 넣어 주세요,11
커피 코너에서 달지 않은 거는 아메리카노 밖에 없나요,32
허브차는 어떤 거,11
히비스커스라는 식물 이름이 있어요?,11
저 카모마일 한 잔 따뜻하게 주세요,11
네 먹고 갈 거예요,0
네 화장실은 어디 있습니까?,26
요즘 뭐 잘나가요?,10
니트로 커피는 뭐예요?,8
니트로 커피 하나랑 그러면 에스프레소 하나 이렇게 두 개 주시고 여기는 적립 뭐 돼요?,11
할인 그런 거는 없고 오로지 그냥 적립 그것만 되는 거예요?,2
회원들한테?,2
골드에서 VIP가 되려면 얼마나 먹어야지 그렇게 돼요,2
영수증 안 받았죠?,2
블루베리 주스 맛있다고 그러던데,47
뭐 돼요?,11
아메리카노 한 잔 테이크 아웃 해주세요,42
생크림이 고체가 있고 액체도 있나요?,0
원래 있기는 있어요?,11
테이크 아웃 할인은 돼요?,11
아이스크림은 어디에 있어요?,59
바닐라 컵으로 하나 주시고 사이즈는 없죠?,11
네 하나 주세요,28
홈플러스에서 하는데 아니지 않아요?,0
네 쿠폰 주세요,2
생크림 카스텔라 포장 되요?,4
하나만 포장해주세요,38
포크는 안 주셔도 돼요,26
네 주차는 여기 타워에 해도 되요?,48
블루베리 쿠키치즈 케이크 이거는 뭐 들었어요?,57
카카오페이나 삼성페이 결제돼요?,11
마카롱 하나에 이천 오백 원인 거예요?,31
텀블러 가져오면 커피 할인되는 거 있어요?,24
아메리카노 따뜻하게 한 잔주세요,30
가져갈 건데 콜드브루는 시원한 거만 되죠?,0
네 텀블러에 좀 담아주세요,11
네 마샬라차이 저거는 뭐에요?,1
생강향 나고 좀 달달하죠?,11
적립되는 건 없어요?,11
CJ포인트 있어요,2
네 입력했습니다,4
포인트 결제하는 거는 CJ포인트 밖에 없나 봐요?,4
물 한 잔만 먹으려고 하는데 물 어디 있어요?,2
시럽은 어디 있나요?,54
텀블러 저것도 CJ포인트로 살 수 있어요?,54
아메리카노 한 잔 따뜻하게 해서 주시고 와플 이런 거는 포장 안 되죠?,5
아메리카노 따뜻한 걸로 주세요,38
가지고 갈 거예요,0
아니요 롯데상품권으로 결제할 수 있나요?,26
영수증 주시고 여기 주차는 어디에 해요?,5
스위트 팬케이크 이거 안에 뭐 들었어요?,57
베리 케이크랑 크림이 다르다는 거죠?,11
두 개에 오천 팔백 원 아니면 한 개에 오천 팔백 원이에요?,11
단체 여섯 명에서 일곱 명 오고 하면 따로 할인 안 되죠?,24
콜드 폼 카푸치노는 뭐에요?,59
아니요 아이스요,11
좀 달작한거죠?,0
아이스 아메리카노 한 잔 주세요,11
네 가져갈게요,0
여기 매장에서 먹다가 남으면 혹시 테이크 아웃 해줘요?,26
마카롱이 한 개당 이천 칠백 원인 거예요?,38
치즈케이크 포장도 해줘요?,24
여기 시럽 한 번만 넣을 수 있어요?,38
텀블러 이거는 얼마에요?,39
텀블러도 세일 할 때 있어요?,24
에그 샌드위치 데워 주나요?,108
아니요 바닐라 블랙 티 라테가 뭐예요?,7
카페라테 따뜻한 거 하나랑 아이스 카페라테 한 잔,11
네 밑에 카페 아메리카노는 그냥 일반 아메리카노 맞죠?,0
시럽 내가 넣어야 돼요?,11
여기는 자리가 2층에 없어요?,39
네 지하에 주차했어요,22
시럽은 어디에 있어요?,57
물은 어디 있어요?,54
카페라테 따뜻한 거 한 잔 주문 여기서 해요?,54
네 카페라테 한 잔에 샷 한 번 들어가요?,42
저지방 우유로 넣어주실 수 있어요?,11
건물 밑 주차장에 주차했는데 괜찮아요?,44
시럽은 어디서 넣어요?,57
한 번만 좀 넣어주세요,54
카페라테 아이스 괜찮았는데 따뜻한 거랑 맛이 다를 때가 있던데 똑같은 거 맞아요?,39
카페라테 아이스로,11
쿠폰 같은 거 있어요?,0
네 블랙퍼스트 티 라테가 뭐예요?,2
갈릭 허니 브레드 위에는 뭐 얹어놨어요?,11
밑에 아이스 허니브레드?,11
아이스크림 있는 저 와플은 두 명 정도 먹을 수 있겠네요,42
아줌마들 한 일곱 명에서 여덟 명이 모임할건데 미리 예약 안해도 되겠죠?,11
아직 정해지진 않아서 잘 모르겠고 여기 시럽 한 번만 놔줄래요?,73
솔트 치즈 라테 이거는 뭐예요?,39
따뜻한 음료에요?,11
연유라테도 좀 달작한거겠네,11
카페라테 따뜻하게 한 잔 주세요,11
작은 사이즈로 주세요,0
네 샷은 원샷?,0
츄러스는 바로 구워서 주는 거예요?,11
자리는 아무 데나 앉아도 돼요?,11
라떼인가 있는 것 같던데,72
근데 일반 라떼 다른 데랑 똑같은 거예요?,42
난 약간 고소한 맛을 좋아하는데 뭐가 좋아요?,11
아이스 라떼로 주세요,8
영수증만 주세요,0
적립하면 뭐 있나요?,4
마카롱 가격은 개당 가격인가요?,2
여기 시럽은 어딨어요?,24
물티슈도 하나 줄 수 있어요?,54
에스프레소 콘파냐는 뭐예요?,46
딸기 프로티펀치는 뭐예요?,11
딸기 주스는 뭐예요?,11
딸기 주스 하나 주세요,11
네 그렇게 해주세요,0
네 해피 포인트 적립해주세요,0
치킨 살사 샌드위치는 2인용인가요?,4
마시는 물은 어디 있죠?,11
조금 전에 영수증을 안 받은 것 같은데요,54
조각 케이크 포장해갈 수 있어요?,47
얼그레이 다쿠아즈 케이크는 맛이 뭐예요?,38
에스프레소는 커피 맛이 들어가 있겠네요?,11
뭐드러갔슈는 뭐예요?,11
추천해주고 싶은 거 어떤 거예요?,11
슈 케이크 포장되죠?,8
슈 케이크 얼마에요?,38
보관은 냉장 보관하는 거죠?,24
커피도 맛있어요?,104
둘이 왔는데 한 잔만 좀 시켜도 돼요?,11
스페셜티 블랜디드  원두는 뭐예요?,42
아이스 아메리카노 한 잔이랑 라떼 따뜻하게 한 잔 주세요,11
죄송한데 영수증을 따로 좀 끊어 줄 수도 있나요?,0
시럽은 뭘 쓰면 돼요?,47
몇 시에 문 닫아요?,39
아침에는 몇 시에 열어요?,33
냅킨 가져가도 되죠?,33
양이 너무 많아서 그런데 혹시 테이크아웃 잔으로 옮겨줄 수 있어요?,46
샌드위치는 직접 만들어서 다 주는 거예요?,38
샌드위치 데워 줘요?,11
카푸치노랑 라떼랑 뭐가 틀려요?,11
카푸치노 하나랑 라떼 하나랑 따뜻한 걸로 주세요,11
평일날에 몇 시에 문 열어요?,0
샌드위치 포장도 되죠?,33
화장실은 어디에요?,38
키 가지고 가야 돼요?,10
빈 그릇 두고 가면 돼요?,82
아이스 라떼 하나요,102
가져갈 거예요,0
더치커피 파나요?,26
레몬 차하고 오미자차 직접 만들은 수제에요?,42
블루베리 페퍼민트는 차 종류에요?,11
시럽 한 번만 넣어주세요,11
우유는 항상 매일 우유만 넣어요?,39
카페 비엔나는 뭐예요?,11
베이커리 종류는 없네요,11
빵은 직접 구워요?,11
커피 샷이  원샷이에요?,11
스팀 밀크는 따뜻한 그냥 우유죠?,11
샷 추가가 따로 있네요?,11
아포카토도 커피에요?,11
휴무날은 없어요?,11
영수증 좀 주세요,92
카카오 페이도 다 되나 봐요?,47
생아메리카노는 뭐예요?,31
생아메리카노는 에스프레소가 아니라는 얘기죠?,11
생아메리카노 한 잔 좀 주세요,11
둘이 와서 한 잔 시키는 건 되나요?,0
바닐라 보들라떼가 뭐예요?,42
휴무는 언제예요?,11
아이스 시킨다는 게 깜빡했다,92
얼음 좀 많이 넣어주시면 안 될까요?,56
시럽 한 번 넣어줄 수 있어요?,52
아메리카노 아이스 한 잔만 줄 수 있어요?,39
얼그레이는 뭐예요?,0
단백질 바나나 쉐이크는 단백질 파우더 넣어줘요?,11
츄러스는 직접 해요?,11
화장실 좀 이용할 수 있어요?,11
일요일은 안 하죠?,105
시럽 한 번만 좀 넣어줄 수 있어요?,92
카푸치노 주세요,39
네 카푸치노 따뜻하게 주세요,0
시럽 조금만 넣어주세요,0
라떼는 뭐를 라떼라고 해요?,0
카페라떼 한 잔 주시겠어요?,11
네 따뜻한 거 주세요,0
네 먹고 가려고요,0
시럽 안 넣을거에요,26
영수증 주세요,0
만 원 드릴게요,4
현금영수증 되나요?,4
일요일에도 열어요?,3
몇 시에 문 열어요?,92
문은 몇 시에 닫아요?,33
조각 케이크 머핀은 여기서 만드는 건 아니지요?,33
카페라떼가 우유만 섞어주는 거 아니에요?,11
카페라떼는 사천 백 원인가요?,11
라떼 하나 주세요,24
네 따뜻한 거로 주세요,0
자몽티 따뜻한 거 얼마에요?,0
카페 모카는 뭐예요?,24
영수증은요?,11
네 영수증 주세요,47
종이컵 하나 주실 수는 없어요?,4
자몽을 금방 갈은 거예요?,96
커피를 먹으면 잠이 안 오는데 따뜻한 차는 뭐가 괜찮겠어요?,11
레몬과 유자차 중 뭐가 나을까요?,8
레몬 차 한 잔 주세요,8
레몬 차는 직접 담갔어요?,0
레몬 차는 가루로 타주는 거예요?,11
레몬 차는 직접 만드신 건 아니죠?,11
직접 만든 차는 뭐가 있어요?,11
루이보스 크림티 저건 뭔데요?,11
루이보스 크림티는 달아요?,11
레몬 민트티는 뭐예요?,11
라떼 한 잔 주세요,11
네 따뜻한 라떼 주세요,0
해피 포인트 전화번호로 적립 돼요?,0
현금 영수증 해주세요,2
빨대는 안 줘요?,3
순수 에이드 주세요,89
오렌지로 하나 주세요,0
쿠폰 집에 있어요,11
커피 말고는 뭐가 괜찮아요?,4
허브티 주세요,8
허브티 시원한 건 없어요?,0
케모마일 차갑게 주세요,42
네 먹고 가려고요,0
테이크아웃하면 싸나요?,26
차는 아무 데나 대도 돼요?,59
머랭은 안 파세요?,57
스무디는 뭐가 잘 나가요?,42
아이스 아메리카노 하나하고 딸기 요거트 하나 주세요,8
딸기 요거트는 냉동 딸기죠?,0
프랜차이즈에요?,11
차 갖고 오면 잠깐 세워놔도 괜찮나요?,94
치즈빵 맛있어요?,57
꽈배기는 어떤 게 잘 나가요?,11
두 개 중에서는 어떤 게 잘 나가요?,8
커피도 팔죠?,8
아메리카노는 얼마씩 해요?,42
딸기잼 직접 만든 거예요?,24
머스켓은 얼마에요?,11
커피는 뭐가 잘 나가요?,24
아메리카노 따뜻한 거 하나 주세요,8
차 종류는 뭐 있어요?,0
화장실은 어디 있어요?,11
좀 덜 단 게 바닐라 라떼에요?,10
카페라떼가 좀 덜 달죠?,11
얼그레이 따뜻하게 에스프레소 카페라떼 그렇게 세 잔이요,11
차 대는 데는 없죠?,0
뜨거운 물 좀 주세요,57
아가씨 커피 어떤 게 잘 나가요?,66
아메리카노 한 잔 주세요,8
빵은 직접 만든거예요?,0
빵은 뭐가 잘 나가요?,11
아이스커피 중에서는 어떤 게 잘 나가요?,8
아메리카노 아이스 하나 주세요,8
레귤러는 얼마에요?,0
빵 종류는 없어요?,24
영수증 하나 주세요,42
얼음 너무 많이 넣지 마세요,47
아가씨 라떼 중에서는 따뜻한 거 뭐가 잘 나가요?,32
바닐라 라떼는 달죠?,8
덜 단 거는요?,11
그냥 라떼는 얼마에요?,8
쿠키는 직접 구운거 아니죠?,24
사장님 핸드드립은 직접 뽑는 거에요?,11
아이스 커피로 천천히 해주세요,11
아메리카노 말고 뭐가 잘나가요?,0
라떼는 무슨 라떼가 잘 나가요?,8
아이스로 먹으려면 아메리카노 먹어야 되죠?,8
저는 아이스 아메리카노 한 잔 주세요,11
휴지는 어디있죠?,0
커피 뭐가 잘 나가요?,54
따뜻한 아메리카노 얼마에요?,8
아메리카노 한 잔 하고 오리지날 프레즐 하나 주세요,24
오리지날 프레즐 다 팔렸어요?,0
그럼 놔두고 따뜻한 아메리카노만 주세요,42
이거 커피콩알은 직접 만드는 거에요?,0
속 안에 들어가는 건 없어요?,11
따뜻한 아메리카노 한 잔 주세요,11
네 아메리카노 마시고 갈거에요,0
밀크티는 어떤 걸로 만드는 거에요?,26
성분이 홍차인지 아니면 뭐에요?,11
밀크티에 우유를 넣는게 아니에요?,11
더치 커피는 직접 내리시는 거에요?,11
이게 더치 커피 오백미리에요?,11
아메리카노 따뜻한 거 있죠?,11
아메리카노 따뜻한 거 하나 주시고 바닐라 라떼는 어떤 거에요?,42
바닐라 라떼 하나 주세요,11
네 라지하고 사이즈가 어느 정도 차이나요?,0
이게 제일 큰 사이즈에요?,28
아메리카노는 라지로 주시고 바닐라 라떼는 레귤러로 주세요,28
네 테이크 아웃이요,28
네 영수증 주세요,26
말차 카페 라떼가 뭐에요?,4
말차가 뭔데요?,11
아몬드 카페 라떼 하나하고 아메리카노 하나 밀크티 라떼 따뜻한 거 한 잔이요,11
십프로 할인해주세요,0
먹다가 남으면 테이크 아웃 해주시는거죠?,13
저긴 찬 물인데 따뜻한 물 좀 주세요,38
아가씨 치즈폼 딥초코 스무디는 어떤 재료가 들어가요?,66
치즈폼 딥초코 스무디는 부드러워요?,11
치즈폼 자체가 좀 달아요?,11
쟈스민 그린티는 뭐에요?,11
블랙티는 뭐에요?,11
그것도 홍차에 펄 넣어서 주는거에요?,11
블랙 밀크티는 뭐에요?,11
블랙 밀크티도 맛 조절이 가능해요?,11
블랙 밀크티는 그럼 따뜻하게는 안돼요?,11
그럼 블랙 밀크티 주세요,11
펄 있는 블랙 밀크티로 하면 얼마에요?,0
큰 사이즈는 안돼요?,24
그럼 블랙 밀크티 큰 사이즈로 하나 주세요,28
네 따뜻하게 해주세요,28
당도는 삼십정도 해주세요,0
네 있습니다,0
네 적립합니다,4
많이 뜨거운가요?,4
카라멜 마끼아또는 어떤거에요?,72
우유가 많이 들어가나요?,11
그러면 커피는 몇 개 정도 들어가요?,11
커피 단정도는 어때요?,11
그럼 따뜻한 아메리카노 한 잔 주시는데 투샷이에요?,11
요기 만약 텀블러에 하면 어떻게 되죠?,11
텀블러에 담으면 몇 그램 들어가요?,30
컵으로 했을 때는 몇 그램 나오는데요?,72
카라멜 마끼아또 텀블러에 담아주세요,72
네 영수증 주세요,1
커피에 시나몬 좀 뿌려주세요,4
따뜻한 아메리카노 샷 몇 개 들어가죠?,40
여기 더치 커피도 직접 내려요?,11
이 커피 용량 몇 미리 짜리에요?,11
용량 더 큰거는 안나오나요?,11
저 물이랑 시럽 좀 더 부어주세요,11
바닐라 라떼는 어떤가요?,40
그러면 그냥 아메리카노로 하나 주세요,11
네 여기서 마시고 가려구요,0
커피 연하게 해주세요,26
커피 연하게 하는 거는 샷이 몇 개 들어가요?,32
여기 T멤버쉽 있으면 할인되요?,11
음료 다 못먹으면 테이크 아웃도 해주시죠?,5
라떼 중에 덜달고 순한게 있나요?,38
우유는 싫어하는데 라떼 종류는 다 그래요?,11
아메리카노 한 잔 주시고 개인 텀블러에 담으면 할인 되나요?,11
아메리카노에 물 많이 넣어서 좀 연하게 해주세요,30
근데 카드로 결제해도 되나요?,19
영수증 좀 주세요,53
아메리카노는 원래 샷이 몇 개에요?,47
그러면 아메리카노 원샷으로 주세요,11
네 따뜻한 아메리카노 한 잔 주세요,0
연유라떼는 뭐에요?,0
연유라는게 우리가 빙수에 뿌려먹는 연유 그거 말하는 거에요?,11
연유랑 커피가 잘 어울려요?,11
사장님 여기 와이파이는 안되나요?,11
와이파이 비밀번호가 어떻게 되죠?,15
프라페는 차가운 거에요?,15
밤라떼는 밤이 들어가요?,11
여기는 밤 자체를 그냥 넣으시는거에요?,11
그럼 밤라떼 하나 주세요,11
카드로 계산 해도 되나요?,0
그러면 여기는 생과일 주스 이런 것도 전부 생과일 갈아서 하시겠네요?,53
쿠폰 하나 만들어주세요,11
쿠폰은 몇 개 먹어야 한 잔 주고 이런거에요?,2
가격 상관없이 아무 커피나요?,2
블랙화이트는 뭐에요?,2
그러면 블랙화이트는 단 것이 아예 안들어가는거에요?,11
블랙화이트도 사이즈가 있어요?,11
그러면 카페라떼 하나 주시고 설탕은 추가로 해야되나요?,11
설탕 많이는 넣지 말고 조금만 넣어주세요,11
제가 설탕 조절해야돼요?,0
그러면 설탕 따로 주세요,39
네 라떼 따뜻한 거 한 잔 맞습니다,39
아니요 가지고 갈게요,0
여기는 할인되거나 할인되는 카드는 없어요?,26
영수증 좀 주세요,59
여기 설탕 얼마나 넣어야 되나요?,47
설탕말고 시럽은 없어요?,72
따뜻한 라떼에 시럽보다 설탕이 나아요?,72
홍시 스무디 있나요?,72
홍시 스무디 왜 안되나요?,42
홍시가 없는거에요?,42
홍시 스무디가 잘나가나봐요?,42
그러면 아메리카노 한 잔 주세요,42
네 따뜻한 아메리카노 맞아요,0
샷은 몇 개 들어가죠?,0
시럽은 얼마나 들어가나요?,11
여기 와이파이 되나요?,11
와이파이 비밀번호 알려주세요,15
와이파이 개방형인가요?,15
화이트 카페모카는 많이 달아요?,15
화이트초코요?,11
그럼 많이 달겠네요?,11
비엔나 커피도 달아요?,11
그럼 비엔나 커피 하나 주세요,11
커피 차가운 것도 되나요?,0
얼음 좀 작게 넣어주세요,42
따뜻한 비엔나 커피는 많이 안 달아요?,52
혹시 그 위에 다가 시나몬 가루 좀 뿌려주실 수 있나요?,11
여기 혹시 와이파이 되나요?,42
모히또는 어떤 거에요?,15
약간 톡 쏘는 그런거에요?,11
그러면 클랜즈는 뭐에요?,11
클랜즈는 그럼 생과일로 직접 짜서 주는거에요?,11
플레인 요거트도 포장 가능해요?,11
그러면 플레인 요거트 하나 주시는데 많이 안달죠?,38
네 아이스 제품인거 알고 있습니다,11
리얼 쇼콜라는 뭐에요?,0
아메리카노로 하나 주세요,11
예 먹고 가려구요,0
할인되는 카드 그런건 없어요?,26
쿠키는 여기서 직접 만드나요?,59
아메리카노 테이크 아웃으로 좀 해주세요,11
영수증도 같이 부탁드려요,26
오트밀 라떼는 뭐 들어가는거에요?,47
오트밀 라떼도 차가운 건가요?,11
그러면 단 정도는 어때요?,11
그러면 원래 오트밀 라떼 자체가 좀 단 거에요?,11
오트밀 라떼 크기 조절 가능해요?,11
오트밀 라떼 한 잔 주세요,28
네 따뜻한 오트밀 라떼 부탁드릴게요,0
여긴 몇 시에 문열어요?,0
저기 앉아서 먹을 수도 있나요?,33
여기는 주문한 다음에 2층 가서 마셔야 되나봐요?,49
목이 지금 칼칼하면서 안 좋은데 어떤 거 마시면 좋을까요?,49
페퍼민트 허브티로 하나 주세요,8
아니요 없는데 하나 만들면 뭐 있나요?,0
네 적립번호 만들어주세요,2
네 이 카드로 결제해주세요,4
음료 받아서 올라가야되나요?,4
여기 혹시 와이파이 되나요?,72
카페라떼 따뜻한 거 하나 주세요,15
아니요 텀블러 가져오면 텀블러에 담아주시나요?,0
양 조금 더 주고 그런거 있어요?,1
적립은 되는가요?,72
쿠폰 10개 찍어야 회원증 발급되요?,2
라떼 따뜻한 거 테이크아웃으로 한 잔 주세요,2
네 쿠폰 찍어주세요,0
네 영수증 주세요,4
라떼 하나 주세요,0
네 여기는 우유는 뭘로 써요?,0
여기 체인점이에요?,11
예전에는 체인점이였어요?,94
원두를 다른데서 받아오시는데가 있어가지고 카페 운영 하는거에요?,94
어디꺼 쓰시는데요?,72
제 친구도 커피숍 하는데 대부분 여러가지 섞어서 한다고 하는데 맞나요?,72
텀블러 갖고오면 거기 담아 주시죠?,72
라떼 하나 얼마에요?,1
따뜻한 라떼 하나 주시고 여기 적립카드 있어요?,24
네 쿠폰 같은거요,2
쿠폰 하나 주시겠어요?,4
쿠폰은 어떻게 하면 되는거죠?,2
여기 혹시 카카오페이 결제도 되는가요?,2
진하게 먹으려면 샷 추가 하는 거에요?,31
휴지 좀 가져가도 되는거죠?,11
라떼 진하게 먹으려면 샷을 추가하는 거에요?,46
그러면 조금 진하게 라떼 따뜻한 거 한 잔 주세요,11
아니요 먹고 갈 거에요,0
카카오페이 결제도 되는가요?,26
어느정도 기다리면 되나요?,31
제가 시간이 없어 그러는데 커피를 제가 가지고 다니는 텀블러에 담아 주시겠습니까?,27
아메리카노 한 잔 주시겠어요?,1
네 마시고 가려구요,0
카페 콤파냐는 뭐에요?,26
생크림은 시중에서 파는 제품으로 하시는거에요?,11
그냥 아메리카노 따뜻한 걸로 한 잔 주시고 농도 조절 할 수 있나요?,11
네 그냥 농도는 기본으로 해주세요,32
혹시 와이파이 비밀번호 여기 있습니까?,32
화장실은 어디 있어요?,15
이 과자는 뭐에요?,10
죄송한데 물 좀 한 잔 주시겠어요?,11
아침에는 몇 시에 문 열어요?,66
저녁에는 몇 시에 문 닫아요?,33
치즈케잌 없어요?,33
생크림 소프트 쉬폰 이거는 무슨 맛이에요?,42
스타벅스에 그런 빵하고 비슷한가요?,11
생크림 소프트 쉬폰 이거 하나 주세요,11
아니요 빵 포장해주세요,0
여기는 할인이나 적립되는 카드 뭐죠?,26
빵 세 시간에서 네 시간 있다가 먹으려면 보관은 어떻게 해야돼요?,2
포장이라도 기다려야돼요?,104
혹시 물티슈 줄 수 있어요?,27
물티슈도 두 개 주세요,109
원조커피가 뭐에요?,109
아이스크림도 있어요?,11
소프트 아이스크림이 1500원인데 카라멜 추가하면 500원더 추가되나요?,11
노말한 아이스크림이 뭐에요?,24
아메리카노 한 잔 주세요,11
네 티머니로 결제도 돼요?,0
적립이나 할인은 없나요?,53
영수증 주시고 샷은 몇 개에요?,2
하나만 해주세요,11
뜨거워서 그런데 얼음 3개만 넣어주세요,19
이게 몇 미리에요?,79
작은 사이즈 나왔으면 좋겠습니다,25
종이 빨대 있어요?,28
테이크아웃하면 2000원 되어있는데 맞아요?,89
네,24
생크림 카스텔라 스타벅스에 파는거랑 비슷한거에요?,24
하나 포장 가능한가요?,11
포장 부탁드릴게요,38
예,26
돌체라떼는 뭐에요?,26
진짜딸기우유라고하는거는 여기서 만든거에요?,11
한 병에 얼마에요?,11
자몽청도 여기서 만든거에요?,24
자몽청 이거는 그냥 따뜻한 물에 차처럼 타먹어도 되는거죠?,11
테이크아웃 되죠?,11
아이스 아메리카노 더치커피랑 아메리카노 맛이 많이 틀리나요?,38
아이스 아메리카노 한 잔 주세요,11
몇 시에 문열어요?,0
시럽 한 번만 넣어주세요,33
커피 지금 먹을 수 있나요?,39
사장님 여기 2층에도 해요?,42
라떼 한 잔 살게요,45
아니요 시원한거요,0
멤버십 같은 거 있나요?,0
아니요 괜찮습니다,2
네 영수증 좀 주세요,2
스파클링에이드 많이 달아요?,47
망고들어간거요,11
시럽은 어디있어요?,11
종이컵에 물 한 컵 얻어가도 될까요?,39
플랜클링 이거 탄산들어있는거에요?,66
많이 달아요?,11
플랜클링레몬 하나 주세요,11
씨제이카드 있으면 적립되나요?,0
저쪽에 있는건 아이스크림이죠?,2
얼음은 그냥 무료로 주시나요?,11
여기 몇 시까지해요?,79
여기 시원한게 뭐 어떤게 있죠?,33
아니요 커피말구요,11
아이스 아메리카노는 얼마에요?,11
두 개 주세요,24
저 베이글은 뭐 발라서 주는거에요?,0
그럼 바르는 소스는 따로 없는거에요?,11
여기서 데워서 주는거에요?,11
아이스아메리카노 두 개만 주세요,7
아뇨 뜨거운 물 놔두고 아이스아메리카노만 주세요,0
네 화장실 어디있나요?,0
여기 주차권은 무료되나요?,10
휴지는 어딨어요?,78
여기 생과일 주스는 뭐가 있어요?,46
차 종류는 이거에요?,11
바나나주스는 어떻게 만드는거에요?,11
너무 달진 않아요?,11
시럽을 많이 넣어서 그래요?,11
에스프레소 콘파냐는 뭐에요?,11
토마토주스 작은 거 되나요?,11
토마토주스 너무 달게하진 말고 하나 주세요,42
네 먹고갈께요,0
카드되죠?,26
영수증 주세요,53
이거 먹다가 테이크아웃되나요?,47
자몽주스하고 자몽에이드는 뭐가 차이점이에요?,38
자몽주스는 그냥 자몽 생으로 가는 거에요?,11
여기 앉을까요?,11
에그햄머핀은 양이 많아요?,22
민트라떼는 어떤거에요?,11
라떼면 우유들어가요?,11
많이 달아요?,11
카페라떼 한 잔 주세요,11
네 루이보스 바닐라도 루이보스랑 바닐라 두 개가 합쳐진거에요?,0
레귤러가 제일 작은거에요?,11
네,28
네,28
네 카푸치노 한 개 카페라떼로 바꿀 수 있나요?,26
여기 식사도 있나 봐요?,56
내맘대로 커피는 샷을 조절 할 수 있는거에요?,11
여기 복지카드 할인되죠?,11
멤버십 VIP고객은 안 되는 거에요?,59
카푸치노가 좀 쓰나요?,59
부드럽게 할 수 있나요?,11
원래는 투 샷이에요?,11
한 샷 반으로 해주세요,11
네 따뜻하게 해주시고 여기 라자냐있죠?,19
라자냐는 양이 많나요?,11
바닐라딜라이트 주세요,11
네 먹다가 혹시 밖으로 나가고싶으면 테이크아웃잔에 담아주세요?,0
애플그린씨 안에 계란들어있는거에요?,38
여기는 리필정책이 있네요?,11
할리스매장은 다 리필되는거에요?,88
여기 주차장공용이죠?,88
유로드립이 우리 일반적으로 마시는 것보다 순해요?,57
샷은 몇 개나 추가되는 거예요?,11
여기 딸기 주스는 없어요?,11
생딸기 주스 없어요?,11
큐브라떼도 커피인가요?,11
큐브라떼는 맛이 좀 강해요?,11
유로드립 한 잔 하구요 카푸치노 주세요,11
네,0
삼성페이 결제 되나요?,0
테이크아웃잔은 안 되죠?,31
핸드폰은 조심해서 만져주세요,38
삼성페이가 안돼면 다른 카드로 계산할게요,72
사이드는 다콰즈 종류 외에는 없어요?,4
얼그레이하고 레몬차 중에서 좀 덜 단 맛이 나는건 어떤거죠?,11
여기 커피가 좀 맛이 강한가요?,11
혹시 좀 덜 진하게 할 수 있나요?,11
아인슈페너는 뭐죠?,19
아인슈페너 한 개랑 아메리카노 따뜻한거 하나 주세요,11
영수증 주세요,0
혹시 따뜻한 물 좀 얻을 수 있을까요?,47
유자차 따뜻한 거는 4500원이에요?,66
레몬유자차하고 유자차하고 차이점이 뭐예요?,24
얼그레이는 뭐예요?,11
생과일 주스는 어떤게 있어요?,11
자몽에이드는 너무 달지는 않죠?,11
자몽에이드하고 카푸치노 주세요,11
따뜻하게 주세요,0
적립되는 카드는 없어요?,0
스탬프도 없어요?,2
주차는 무료로 되는 거예요?,2
앞에 세워놨거든,57
여기서 먹을건데 왜 테이크아웃잔에 줘요?,57
진저라떼 생강이 들었어요?,38
커피에다가 생강을 넣나요?,11
케이크 같은건 없어요?,11
식혜는 얼마인데요?,11
아메리카노는 샷이 몇 개 들어가요?,24
아메리카노 원 샷으로 해주세요,11
영수증도 주세요,19
생긴지 얼마나 됐어요?,47
음료에 얼음 몇 개 넣어주세요,45
작은 사이즈 테이크아웃 아메리카노 얼마에요?,79
따뜻한 아메리카노 주세요,24
작은거는 얼마고 큰거는 얼마에요?,0
적립 같은건 안 해요?,24
적립 쿠폰 주세요,2
방문 쿠폰은 뭐예요?,2
영수증 좀 주세요,2
여기는 프랜차이즈에요?,47
몇 시까지 해요?,94
아침에는 몇 시에 열어요?,33
프랜차이즈에요?,33
메뉴는 누가 만드는 거예요?,94
말린 과일은 설탕을 넣은 거예요?,11
말린 과일은 다 2000원씩이에요?,11
생긴지 얼마나 됐어요?,24
테이크아웃하면 싸게 해주는거 없어요?,45
베니스카푸치노랑 바닐라카푸치노랑 뭐가 달라요?,59
일반 카푸치노 따듯하게 하나 해주실래요?,11
카드해도 돼요?,0
4668 회원 등록되어 있나 봐주실래요?,53
아그로타타마는 무슨 뜻이에요?,2
영수증 좀 주실래요?,11
바닐라 라떼는 일반 라떼랑 다르죠?,47
오후에는 가게 앞에 주차해도 되나요?,11
에이드 다 생과일로 해주나요?,57
레몬에이드 한 잔은 얼마에요?,11
아메리카노 있어요?,24
아메리카노 한 잔 주세요,11
네 따뜻한거 주세요,0
라떼 종류는 다 우유가 들어가는 건가요?,0
쿠폰 없어요?,11
과일 주스는 생과일이에요?,2
블루베리 주스 한 잔 주세요,11
적립은 없어요?,11
컵 빙수도 지금 하나요?,2
아메리카노 제일 작은 사이즈로 3개 주세요,42
아이스로 주세요,0
넣지 말고 주세요,0
네 캐리어 주세요,0
쿠폰 도장 찍어주나요?,26
땅콩 카라멜 라떼는 땅콩이 들어가나요?,2
브이적힌 건 뭡니까?,11
여기는 체인인가요?,25
카라멜 마끼야또에도 우유 들어가나요?,110
우유가 안들어간 거는 있나요?,11
아메리카노 레귤러 사이즈 하나 주세요,11
네 따뜻하게요,0
체크카드로 할게요,0
네 여기는 포인트 할인은 없나요?,4
뜨거워서 얼음3개만 넣어주세요,59
이거 처음 나올때 몇도입니까?,52
배달도 되나요?,111
마카롱은 여기서 만드나요?,17
가격은?,112
인터넷판매도 하나요?,24
sns는 어디로 들어가면 되나요?,113
커피 주세요,113
아메리카노 한잔 주세요,0
카푸치노도 되나요?,11
카드로 할게요,11
뚜껑 닫지 말아주세요,4
영업은 몇시까지 하시나요?,114
커피는 로스팅 된 거를 쓰시나요?,33
여기에 시나몬 가루 뿌릴 수 있나요?,11
카페모카랑 카푸치노랑 어떻게 달라요?,115
치즈케이크도 있어요,11
치즈케이크은 얼마에요?,11
치즈케이크 하나 주세요,24
포인트 적립있어요?,0
따듯한 물 한잔 있어요?,2
커피찌꺼기 남은 거 있어요,66
대만 샌드위치가 뭐에요?,116
여기는 텀블러가지고 오면 할인되나요?,11
전부 과일 인가요?,30
커피도 있어요?,11
덜 찬 건?,11
우유를 들어간 메뉴 있나요?,11
얼음 안들어가는 건?,11
생딸기쥬스 작은 거 하나 주세요,11
네 주세요,0
네,4
포인트 적립도 있어요?,26
사이즈는 한 가지 인가요?,2
벤티가 어떤 거죠?,25
체인점이죠,25
아메리카노 작은 사이즈로 주세요,110
투 샷 들어가나요?,0
원 샷으로 주세요,117
네 따뜻한 걸로요,19
컵은 작은거 없나요?,0
네 그걸로 주시고 적립되나요?,25
적립 어떻게 해요?,2
영수증 좀 주세요,2
커피를 캔에 담아주시는건가요?,47
캔에 하면 가격은?,11
메뉴 다 되는 건가요?,118
테이크아웃하면 할인 되나요?,11
텀블러는 할인되고?,107
한 샷 반 돼요?,30
아메리카노 한샷 반 주세요,117
핫으로 주세요,0
쿠폰은 10개하면 1개 무료에요?,0
영수증 주세요,2
커피종류는 어떤 거 있어요,47
일반 커피하고 비엔나 커피랑 뭐가 달라요?,11
슈가는?,11
어떤 게 잘나가요?,11
아니요,119
원산지는 어디 꺼죠?,8
달지 않은 음료로 과일주스는 있나요?,120
생과일인가요?,11
애플망고 주스는 가격이 얼마에요?,11
텀블러가지고 오면 할인은 되나요?,24
할인 카드는 따로 없나요?,30
오픈한 지 얼마 안됐죠?,59
몇 시부터 몇 시까지 영업해요?,72
아메리카노 한 잔 주세요,33
따뜻한 걸로 주세요,0
포장해주세요,0
네 쿠폰 주세요,121
진하게 주시고 컵도 큰 컵으로 가능한가요?,2
아니요 화장실은 어디 이용해요?,25
토요일 일요일도 영업하세요?,10
어떤 게 잘나가요?,92
샷은 몇 개 들어가요?,119
샷 추가 시 추가요금 있나요?,117
따뜻한 음료는 커피 말고 어떤 거 있어요?,122
여기선 어떤 게 잘나가요?,11
사이즈는 세 가지 있어요?,119
가격 차이 나겠네요,25
돌체라떼는 뭐에요?,24
아메리카노 먹다가 남으면 포장도 해주나요?,11
컵 비용 따로 추가되진 않죠?,38
아메리카노 한 잔 주세요,118
네 몇 시부터 몇 시까지 영업해요?,0
차기지고 오면 어디다 세워요?,33
커피는 원산지 어디에요?,57
화장실이 밖에 있어요?,120
다 못마셔서 그런데 포장해주세요,10
카드 결제돼요?,26
포인트 적립있어요?,53
따뜻한 음료 어떤 거 있어요?,2
돌체라떼는 뭔가요?,11
시럽 들어가나요?,11
아메리카노하고 더치 아메리카노하고 어떻게 차이가 나요?,11
더치도 뜨겁게도 되나요?,11
컵 사이즈도 있나요?,11
샷 추가 시 추가요금 있나요?,25
생과일 주스도 가능해요?,122
아메리카노로 뜨겁게 해주세요,42
마시고 갈 건데 못마시면 포장돼죠?,0
카드 돼요?,38
할인카드 없죠?,53
영수증 주세요,59
주차는 앞에 하면 되나요?,47
몇 시부터 몇 시까지해요?,57
명절에는 휴무 없어요?,33
아메리카노에는 샷 몇 개 들어가요?,92
커피 중에 덜 단 게 어떤 거에요?,117
그린라떼는 커피들어가나요?,11
카페라떼로 주세요,11
작은 걸로 주세요,0
테이크아웃하면 더 저렴해요?,0
샌드위치 구매하면 아메리카노 무료로 제공되나요?,24
아메리카노 주세요,108
예,0
테이크아웃은 더 싸나요?,0
테이크아웃 해주세요,24
네 영수증도 주세요,26
청도 만들어서 파나요?,47
그릇은 파는 건가요?,11
그릇 얼마씩 해요?,86
밀크하고 블랙하고 어떻게 틀려요?,24
라떼 종류 중에 많이 안 단 건 어떤 거에요?,11
더치라떼 따뜻한 거 하나 주세요,11
많이 말고 조금만 넣어주세요,0
이걸로 결제 해주세요,0
네 영수증도 주세요,4
생강차는 생강분말 들어가요?,47
수삼주스는 뭐에요?,11
수삼주스는 얼마에요?,11
아메리카노 따뜻한 거 한 잔 주세요,24
마시고 갈게요,0
네 햄치즈는 얼마씩 해요?,0
로얄밀크티는 뭐에요,24
커피가 들어간 거인가요?,11
카페라떼도 커피 들어가요?,11
솔트 치즈 카페라떼 하나 주세요,11
네 여기도 체인점이죠,0
여기 뒤에 차 잠깐 세워도 되나요?,110
많이 안달죠?,57
커피말고 뭐 있나요?,11
어떤 게 잘나가나요?,11
블루베리는 냉동이죠?,119
블루베리 주스를 먹을게요,11
네 곡물라떼는 어떤 게 들어가요?,0
블루베리 주스는 시럽 들어가요?,11
몇 시까지해요?,11
커피 어떤 게 맛있어요?,33
더치는 아메리카노랑 비슷한가요?,8
더치커피 하나 주세요,11
따뜻하게 주세요,0
가지고 갈게요,0
여기 테이크아웃하면 할인되는 거 없어요?,26
시럽 조금 넣어 주세요,107
물티슈 있어요?,123
커피 원두는 다 같은거죠?,109
비엔나는 어떤 거에요?,120
카페라떼 아이스로 하나 주세요,11
네 얼음은 조금만 넣어주세요,0
원래하던데로 해주세요,52
주차장은 앞에 있나요?,19
1리터 커피가 뭐예요?,57
텀블러 가져오면 따로 할인이 되나요?,11
카푸치노 한 잔 주시겠어요?,86
아니요 마시고 갈게요,0
적립되는 카드 있나요?,0
원두는 로스팅 하시나요? 아니면 분쇄 해주실 수 있나요?,2
저 원두는 얼마인가요?,98
원두 한 봉지가 몇 그램인가요?,24
이 카푸치노는 어떻게 만드는 거에요?,98
그럼 카페 라떼랑은 뭐가 다른 건가요?,11
더치는 끓인 물로 하는 건가요?,11
정수기는 어떤 거 사용하세요?,11
여기 로스팅도 직접 하시는 거에요?,72
차 종류는 어디에 있어요?,98
블랙티가 어떤 것인가요?,11
밀키티도 홍차 넣은 거 아닌가요?,11
유자레몬티는 뭔가요?,11
따뜻한 거는 유자레몬티밖에 없나요?,11
블랙티랑 프렌치 얼그레이가 어떻게 다른가요?,11
에스프레소는 샷이 몇 개 들어가나요?,11
어느 카드가 적립되나요?,117
LG카드는 적립이 안 되나요?,2
뜨거운 물 한 잔 받을 수 있을까요?,2
에스프레소에 물이 얼마나 들어가나요?,66
텀블러 가져오면 할인 되나요?,11
텀블러 가져오면 테이크 아웃 할 때도 똑같이 할인 되나요?,30
매장에서 텀블러를 사용하면요?,107
에스프레소와 콘파냐의 차이가 뭔가요?,30
아포카토는 뭐예요?,11
주로 많이 나가는 제품은 어떤 것인가요?,11
혹시 다 못 마시면 어떻게 하나요?,8
여기 주차는 가능 한가요?,38
사장님 여기 화장실이 어디에 있나요?,57
사장님 다 못 마신 음료 포장 좀 해주시겠어요?,10
빨대 하나 가져가도 될까요?,38
잘 나가는 커피가 무엇인가요?,89
네 그런데 너무 달지 않은 걸로 부탁드려요,8
더치 커피하고 허니 더치 라떼의 차이점이 있나요?,8
에스프레소하고 아메리카노의 차이점은 뭐예요?,11
아메리카노 샷이 얼마나 들어가나요?,11
시럽이나 휘핑 추가 가능한가요?,117
할인되는 카드 있나요?,40
도장 10개면 한 잔 주시는 건가요?,0
아메리카노도 잘 나가나요?,2
아메리카노에 샷 추가하고 시럽도 조금 추가해 주세요,11
네 혹시 다 못 마시면 어떻게 하나요?,19
영수증 좀 주시면 안될까요?,38
커피랑 같이 먹을 수 있는 디저트류는 없나요?,47
이건 가격이 얼마예요?,11
핸드폰 충전 가능한가요?,24
이거 다 못 마셔서 그런데 포장 좀 해주세요,76
화장실이 어디 있나요?,38
커피는 종류가 어떻게 있나요?,10
아메리카노랑 헤이즐넛 아메리카노의 차이가 뭐예요?,11
꿀 아메리카노는 뭐예요?,11
메가리카노는 뭐예요?,11
샷 추가하면 돈이 얼마 추가 되나요?,11
원두의 원산지가 어딘가요?,40
카페 라떼는 당도가 어느 정도 인가요?,98
연유 라떼는 당도가 어느 정도 인가요?,11
음료 컵 사이즈는 3가지 인가요?,11
따뜻한 아메리카노 한 잔 주세요,25
카드 되나요?,0
적립 카드 있는데 적립 가능한가요?,0
음식 포장한 거 있는데 매장에서 음료랑 같이 먹어도 되나요?,0
화장실은 어디에 있나요?,72
영업 시간이 어떻게 되나요?,10
따뜻한 음료 중에는 뭐가 잘 나가나요?,33
당도가 어느 정도인가요?,8
화이트 카페 모카하고 카라멜 카페 모카의 차이점이 뭐예요?,11
유자티는 컵 사이즈가 어떻게 되나요?,11
유자에이드는 뭐예요?,25
따뜻한 유자티 한 잔 더 뜨겁게 주세요 카드 되나요?,11
적립되는 카드 있나요?,0
이 근처에 서점이 있나요?,0
매장에서 먹고 갈 수 있나요?,62
여기 체인점인가요?,0
카라멜 마끼아또랑 카페 라떼의 차이점이 뭐예요?,72
에스프레소랑 아메리카노의 차이가 뭐예요?,11
아메리카노에는 샷이 몇 개 들어가요?,11
컵 사이즈는 몇 종류가 있어요?,117
컵 사이즈별 가격이 어떻게 되나요?,25
다 못 마시고 가면 포장 가능한가요?,24
아메리카노 작은 사이즈로 한 잔 주시겠어요?,38
그냥 여기서 마시고 갈게요,0
할인되는 카드 있나요?,0
화장실은 어디에 있나요?,59
다 못마신 음료 포장 좀 해주시겠어요?,10
완전 초코는 뭐예요?,38
피스타치오는 차가운 음료인가요?,11
다방 커피같은 음료 있나요?,11
원조 커피 한 잔 주세요,11
네 따뜻한 걸로요,0
그거 우유 들어가는 거 맞죠?,0
영수증 줄 수 있나요?,11
적립 쿠폰도 있나요?,47
다른 지점이랑은 다른 쿠폰인가요?,2
시럽은 어디 있어요?,2
빈 컵은 어디 두나요?,124
아까 시킨 메뉴 이름이 뭐예요?,102
네 네모난 케이크요,11
햄에그치아버터랑 크로크마담은 재료가 뭐예요?,125
구워서 하시는거예요?,11
와플은 시간이 20분 걸리나요?,11
다른 곳도 이렇게 20분씩 걸리나요?,11
물은 어디에 있나요?,11
제가 아까 영수증 안받았는데,66
주차 확인 쿠폰이 필요한가요?,47
물티슈 하나 더 받을 수 있을까요?,78
빈 그릇은 여기에 두면 되나요?,109
카푸치노랑 카페 모카랑 뭐가 다른가요?,102
카페 모카에서 휘핑 크림을 뺄 수 있나요?,11
이 쿠폰은 반드시 이 메뉴를 먹어야 하나요?,40
쿠폰이랑 다른 메뉴가 가격이 다르면 어떻게 하나요?,43
매장에서 다 못먹으면 어떻게 하나요?,43
카푸치노 한 잔 주시겠어요?,38
금액이 클 때는 남은 금액 저장을 하면 안 되나요?,0
크림 치즈 베이글은 어떻게 나오나요?,43
먹다가 남으면 포장 가능한가요?,7
해피포인트 적립 되나요?,38
물 컵 따로 있나요?,0
2층에도 종이컵이 있나요?,126
커피 주문 해도 될까요?,45
이 가게는 테이크 아웃 전문점이가요?,0
라떼 종류는 다 단가요?,72
카페 라떼는 우유만 들어가나요?,11
카푸치노는 뭐예요?,11
카페 모카는 뭐예요?,11
카푸치노 한 잔 주시겠어요?,11
네 다른 사이드 메뉴는 없나요?,0
이 집은 따로 쿠폰같은게 없어요?,42
하나 만들어야 되겠다,2
카푸치노 한 잔 주시겠어요?,2
현금 영수증 되나요?,0
고구마 라떼의 고구마를 오븐에 직접 구워서 하나요?,0
카페 모카도 텀블러에 담아갈 수 있나요?,11
카페 모카가 많이 달아요?,1
카페 모카는 얼마인가요?,11
영수증 줄 수 있나요?,24
오곡 라떼는 뭔가요?,47
치즈 케이크도 파나요?,11
디카페인은 뭔가요?,42
아메리카노보다 맛이 연한가요?,11
아메리카노도 디카페인으로 주문할 수 있어요?,11
아메리카노를 디카페인으로 주세요,11
콜드브루 파나요?,0
콜드브루랑 아메리카노랑 뭐가 달라요?,42
주차장은 어디인가요?,11
더치 커피 있나요?,57
더치 커피는 큰 사이즈가 얼마예요?,42
콜드브루도 더치 커피처럼 병에 담아 파나요?,24
바닐라 라떼랑 토피넛 라떼 중 뭐가 더 잘나가나요?,11
바닐라 라떼랑 토피넛 라떼 중 뭐가 더 달아요?,11
바닐라 라떼랑 토피넛 라떼의 차이가 뭐예요?,11
질소 커피는 뭐예요?,11
바닐라 라떼 한 잔 주시겠어요?,11
네 따뜻한 걸로 주세요,0
텀블러 할인은 200원인가요?,0
토피넛 라떼는 회사 내에서 만드는 건가요?,30
주차장은 어디인가요?,86
텀블러에 넣으면 양이 적어지나요?,57
콜드브루 커피 있나요?,1
콜드브루랑 아메리카노랑 뭐가 달라요?,42
텀블러에 담아주실 수 있나요?,11
콜드브루 한 잔 주시겠어요?,1
콜드브루 라떼에는 설탕이 많이 들어가나요?,0
콜드브루 라떼는 뭐예요?,11
콜드 브루 라떼 한 잔 주시겠어요?,11
콜드브루가 일반 커피보다 맛이 나은가요?,0
영수증 줄 수 있나요?,11
차는 어디에 세울 수 있어요?,47
공영주차장은 무료인가요?,57
여기 하신지 오래되셨나요?,57
텀블러 할인 있나요?,72
진열된 상품은 뭐예요?,30
프라페는 얼마인가요?,8
프랜차이즈점 인가요?,24
아메리카노 한 잔 주시겠어요?,72
매장에서 먹고 가도 되나요?,0
이 텀블러에 음료가 다 들어가나요?,49
얼마인가요?,1
차는 어디에 세울 수 있어요?,24
진저라떼는 뭔가요?,57
겨울이어서 생강 종류가 많은 건가요?,11
카드보다는 현금이 더 나은가요?,11
얼마인가요?,0
테이크 아웃으로 하면 얼마인가요?,0
진저라떼에 꿀이나 설탕 들어가나요?,107
생강청은 얼마인가요?,11
영수증 좀 받을 수 있을가요?,24
콜드브루 있나요?,47
쿠키는 얼마예요?,42
아메리카노 따뜻한 거 한 잔 주시겠어요?,24
오픈 시간이 언젠가요?,0
영수증 좀 주실래요?,33
차는 어디에 세울 수 있어요?,47
따뜻한 물 한 잔 주시겠어요?,57
텀블러 할인 있나요?,66
콜드브루랑 아메리카노랑 뭐가 달라요?,30
디카페인은 카페인이 없는 거예요?,11
디카페인보다 보통 커피가 더 진한가요?,11
아메리카노에 샷이 몇 개 들어가나요?,11
차는 어디에 세울 수 있어요?,117
아메리카노 하나 주시겠어요?,57
텀블러 할인 있나요?,0
디저트는 어떻게 만드나요?,30
타르트에 있는 딸기는 생딸기 인가요?,11
저쪽에 있는 텀블러는 주문 제작하는 건가요?,11
로스터리 커피는 뭔가요?,86
로스터리 커피는 맛이 좋은가요?,11
아메리카노 한 잔 텀블러에 담아주세요,11
아메리카노 한 잔 얼마예요?,0
텀블러 할인되나요?,24
샷은 원샷이 들아가나요?,30
영수증 하나 주실래요?,117
아무 데나 앉아도 되죠?,47
납품도 하나요?,49
텀블러 할인은 얼마예요?,127
커피잔도 다 파시는 거예요?,30
차는 어디에 세워요?,128
아보카도는 그 것만 갈아서 주시는 거예요?,57
아보카도 하나 주세요,11
테이크 아웃하면 가격이 더 저렴한가요?,0
차는 어디에 세워요?,107
십구곡라떼가 신제품인가요?,57
십구곡라떼에 정말 19가지 곡물이 들어가요?,71
커피 말고 차 종류는 뭐가 있나요?,11
생강차는 설탕이 많이 들어가나요?,11
녹차라떼는 많이 달아요?,11
녹차라떼 덜 달게 하나 주시겠어요?,11
네 먹고 갈 거예요,0
네 따뜻한 걸로 주세요,0
영수증 하나 주실래요?,0
영수증 하나 주실래요?,47
텀블러 할인 있나요?,47
반반주스 맛있어요?,30
수제차는 직접 만드신 거예요?,11
반반주스 하나 주시겠어요?,11
영수증 하나 주실래요?,0
와인에이드가 뭐예요?,47
주스에 망고하고 뭐가 들어가요?,11
어떤 커피가 잘나가요?,11
하우스 블렌딩은 뭐예요?,8
약간 산미 나는 걸로 한 잔 주실래요?,11
마시고 가면 얼마예요?,0
영수증 하나 주실래요?,0
아니요 그냥 영수증이요,47
차는 어디에 세울 수 있어요?,47
